Michigan County Code,City/Township Code,Ward Number,Precinct Number,Precinct Label,Office Code,District Code,Office Description,County Name,City/Township Description,standardized_id_num,,Michigan County Code,City/Township Code,Ward Number,Precinct Number,Office Code,District Code,Office Description,County Name,City/Township Description,standardized_id_num
1,52,0,1,,6,100,1ST DISTRICT REPRESENTATIVE IN CONGRESS 2 YEAR TERM (1) POSITION,ALCONA,HARRISVILLE CITY,0013686000001,,,,,,,,,,,
3,63,3,2,,6,600,6TH DISTRICT REPRESENTATIVE IN CONGRESS 2 YEAR TERM (1) POSITION,ALLEGAN,SOUTH HAVEN CITY,0057498003002,,,,,,,,,,,
8,52,0,1,,6,300,3RD DISTRICT REPRESENTATIVE IN CONGRESS 2 YEAR TERM (1) POSITION,BARRY,HASTINGS CITY,0153712000001,,,,,,,,,,,
9,58,1,6,,6,500,5TH DISTRICT REPRESENTATIVE IN CONGRESS 2 YEAR TERM (1) POSITION,BAY,MIDLAND CITY,0175378001006,,,,,,,,,,,
11,52,1,1,,6,600,6TH DISTRICT REPRESENTATIVE IN CONGRESS 2 YEAR TERM (1) POSITION,BERRIEN,BENTON HARBOR CITY,0210752001001,,,,,,,,,,,
11,52,2,1,,6,600,6TH DISTRICT REPRESENTATIVE IN CONGRESS 2 YEAR TERM (1) POSITION,BERRIEN,BENTON HARBOR CITY,0210752002001,,,,,,,,,,,
11,52,3,1,,6,600,6TH DISTRICT REPRESENTATIVE IN CONGRESS 2 YEAR TERM (1) POSITION,BERRIEN,BENTON HARBOR CITY,0210752003001,,,,,,,,,,,
11,52,4,1,,6,600,6TH DISTRICT REPRESENTATIVE IN CONGRESS 2 YEAR TERM (1) POSITION,BERRIEN,BENTON HARBOR CITY,0210752004001,,,,,,,,,,,
11,56,0,2,,6,600,6TH DISTRICT REPRESENTATIVE IN CONGRESS 2 YEAR TERM (1) POSITION,BERRIEN,BUCHANAN CITY,0211140000002,,,,,,,,,,,
11,62,1,1,,6,600,6TH DISTRICT REPRESENTATIVE IN CONGRESS 2 YEAR TERM (1) POSITION,BERRIEN,NILES CITY,0215776001001,,,,,,,,,,,
11,62,2,2,,6,600,6TH DISTRICT REPRESENTATIVE IN CONGRESS 2 YEAR TERM (1) POSITION,BERRIEN,NILES CITY,0215776002002,,,,,,,,,,,
11,62,3,3,,6,600,6TH DISTRICT REPRESENTATIVE IN CONGRESS 2 YEAR TERM (1) POSITION,BERRIEN,NILES CITY,0215776003003,,,,,,,,,,,
11,62,4,4,,6,600,6TH DISTRICT REPRESENTATIVE IN CONGRESS 2 YEAR TERM (1) POSITION,BERRIEN,NILES CITY,0215776004004,,,,,,,,,,,
13,54,1,4,,6,300,3RD DISTRICT REPRESENTATIVE IN CONGRESS 2 YEAR TERM (1) POSITION,CALHOUN,BATTLE CREEK CITY,0250592001004,,,,,,,,,,,
13,54,1,10,,6,300,3RD DISTRICT REPRESENTATIVE IN CONGRESS 2 YEAR TERM (1) POSITION,CALHOUN,BATTLE CREEK CITY,0250592001010,,,,,,,,,,,
13,54,1,22,,6,300,3RD DISTRICT REPRESENTATIVE IN CONGRESS 2 YEAR TERM (1) POSITION,CALHOUN,BATTLE CREEK CITY,0250592001022,,,,,,,,,,,
13,54,1,23,,6,300,3RD DISTRICT REPRESENTATIVE IN CONGRESS 2 YEAR TERM (1) POSITION,CALHOUN,BATTLE CREEK CITY,0250592001023,,,,,,,,,,,
13,54,2,7,,6,300,3RD DISTRICT REPRESENTATIVE IN CONGRESS 2 YEAR TERM (1) POSITION,CALHOUN,BATTLE CREEK CITY,0250592002007,,,,,,,,,,,
13,54,2,12,,6,300,3RD DISTRICT REPRESENTATIVE IN CONGRESS 2 YEAR TERM (1) POSITION,CALHOUN,BATTLE CREEK CITY,0250592002012,,,,,,,,,,,
13,54,2,18,,6,300,3RD DISTRICT REPRESENTATIVE IN CONGRESS 2 YEAR TERM (1) POSITION,CALHOUN,BATTLE CREEK CITY,0250592002018,,,,,,,,,,,
13,54,2,21,,6,300,3RD DISTRICT REPRESENTATIVE IN CONGRESS 2 YEAR TERM (1) POSITION,CALHOUN,BATTLE CREEK CITY,0250592002021,,,,,,,,,,,
13,54,3,1,,6,300,3RD DISTRICT REPRESENTATIVE IN CONGRESS 2 YEAR TERM (1) POSITION,CALHOUN,BATTLE CREEK CITY,0250592003001,,,,,,,,,,,
13,54,3,15,,6,300,3RD DISTRICT REPRESENTATIVE IN CONGRESS 2 YEAR TERM (1) POSITION,CALHOUN,BATTLE CREEK CITY,0250592003015,,,,,,,,,,,
13,54,3,17,,6,300,3RD DISTRICT REPRESENTATIVE IN CONGRESS 2 YEAR TERM (1) POSITION,CALHOUN,BATTLE CREEK CITY,0250592003017,,,,,,,,,,,
13,54,3,19,,6,300,3RD DISTRICT REPRESENTATIVE IN CONGRESS 2 YEAR TERM (1) POSITION,CALHOUN,BATTLE CREEK CITY,0250592003019,,,,,,,,,,,
13,54,4,2,,6,300,3RD DISTRICT REPRESENTATIVE IN CONGRESS 2 YEAR TERM (1) POSITION,CALHOUN,BATTLE CREEK CITY,0250592004002,,,,,,,,,,,
13,54,4,6,,6,300,3RD DISTRICT REPRESENTATIVE IN CONGRESS 2 YEAR TERM (1) POSITION,CALHOUN,BATTLE CREEK CITY,0250592004006,,,,,,,,,,,
13,54,4,8,,6,300,3RD DISTRICT REPRESENTATIVE IN CONGRESS 2 YEAR TERM (1) POSITION,CALHOUN,BATTLE CREEK CITY,0250592004008,,,,,,,,,,,
13,54,4,9,,6,300,3RD DISTRICT REPRESENTATIVE IN CONGRESS 2 YEAR TERM (1) POSITION,CALHOUN,BATTLE CREEK CITY,0250592004009,,,,,,,,,,,
13,54,4,13,,6,300,3RD DISTRICT REPRESENTATIVE IN CONGRESS 2 YEAR TERM (1) POSITION,CALHOUN,BATTLE CREEK CITY,0250592004013,,,,,,,,,,,
13,54,5,3,,6,300,3RD DISTRICT REPRESENTATIVE IN CONGRESS 2 YEAR TERM (1) POSITION,CALHOUN,BATTLE CREEK CITY,0250592005003,,,,,,,,,,,
13,54,5,5,,6,300,3RD DISTRICT REPRESENTATIVE IN CONGRESS 2 YEAR TERM (1) POSITION,CALHOUN,BATTLE CREEK CITY,0250592005005,,,,,,,,,,,
13,54,5,11,,6,300,3RD DISTRICT REPRESENTATIVE IN CONGRESS 2 YEAR TERM (1) POSITION,CALHOUN,BATTLE CREEK CITY,0250592005011,,,,,,,,,,,
13,54,5,20,,6,300,3RD DISTRICT REPRESENTATIVE IN CONGRESS 2 YEAR TERM (1) POSITION,CALHOUN,BATTLE CREEK CITY,0250592005020,,,,,,,,,,,
19,53,0,1,,6,400,4TH DISTRICT REPRESENTATIVE IN CONGRESS 2 YEAR TERM (1) POSITION,CLINTON,OVID CITY,0376186000001,,,,,,,,,,,
22,52,1,3,,6,100,1ST DISTRICT REPRESENTATIVE IN CONGRESS 2 YEAR TERM (1) POSITION,DICKINSON,IRON MOUNTAIN CITY,0434096001003,,,,,,,,,,,
22,52,2,2,,6,100,1ST DISTRICT REPRESENTATIVE IN CONGRESS 2 YEAR TERM (1) POSITION,DICKINSON,IRON MOUNTAIN CITY,0434096002002,,,,,,,,,,,
22,52,3,2,,6,100,1ST DISTRICT REPRESENTATIVE IN CONGRESS 2 YEAR TERM (1) POSITION,DICKINSON,IRON MOUNTAIN CITY,0434096003002,,,,,,,,,,,
23,58,3,22,,6,700,7TH DISTRICT REPRESENTATIVE IN CONGRESS 2 YEAR TERM (1) POSITION,EATON,LANSING CITY,0454600003022,,,,,,,,,,,
23,58,3,23,,6,700,7TH DISTRICT REPRESENTATIVE IN CONGRESS 2 YEAR TERM (1) POSITION,EATON,LANSING CITY,0454600003023,,,,,,,,,,,
24,54,1,1,,6,100,1ST DISTRICT REPRESENTATIVE IN CONGRESS 2 YEAR TERM (1) POSITION,EMMET,PETOSKEY CITY,0476382001001,,,,,,,,,,,
24,54,2,1,,6,100,1ST DISTRICT REPRESENTATIVE IN CONGRESS 2 YEAR TERM (1) POSITION,EMMET,PETOSKEY CITY,0476382002001,,,,,,,,,,,
24,54,3,1,,6,100,1ST DISTRICT REPRESENTATIVE IN CONGRESS 2 YEAR TERM (1) POSITION,EMMET,PETOSKEY CITY,0476382003001,,,,,,,,,,,
24,54,4,1,,6,100,1ST DISTRICT REPRESENTATIVE IN CONGRESS 2 YEAR TERM (1) POSITION,EMMET,PETOSKEY CITY,0476382004001,,,,,,,,,,,
25,24,0,16,,6,500,5TH DISTRICT REPRESENTATIVE IN CONGRESS 2 YEAR TERM (1) POSITION,GENESEE,GRAND BLANC TOWNSHIP,0493330000016,,,,,,,,,,,
25,24,0,17,,6,500,5TH DISTRICT REPRESENTATIVE IN CONGRESS 2 YEAR TERM (1) POSITION,GENESEE,GRAND BLANC TOWNSHIP,0493330000017,,,,,,,,,,,
25,28,0,5,,6,500,5TH DISTRICT REPRESENTATIVE IN CONGRESS 2 YEAR TERM (1) POSITION,GENESEE,MOUNT MORRIS TOWNSHIP,0495598000005,,,,,,,,,,,
25,28,0,7,,6,500,5TH DISTRICT REPRESENTATIVE IN CONGRESS 2 YEAR TERM (1) POSITION,GENESEE,MOUNT MORRIS TOWNSHIP,0495598000007,,,,,,,,,,,
26,54,0,1,,6,400,4TH DISTRICT REPRESENTATIVE IN CONGRESS 2 YEAR TERM (1) POSITION,GLADWIN,GLADWIN CITY,0513232000001,,,,,,,,,,,
26,54,0,2,,6,400,4TH DISTRICT REPRESENTATIVE IN CONGRESS 2 YEAR TERM (1) POSITION,GLADWIN,GLADWIN CITY,0513232000002,,,,,,,,,,,
34,54,2,1,,6,300,3RD DISTRICT REPRESENTATIVE IN CONGRESS 2 YEAR TERM (1) POSITION,IONIA,IONIA CITY,0674086002001,,,,,,,,,,,
34,54,3,1,,6,300,3RD DISTRICT REPRESENTATIVE IN CONGRESS 2 YEAR TERM (1) POSITION,IONIA,IONIA CITY,0674086003001,,,,,,,,,,,
34,54,4,1,,6,300,3RD DISTRICT REPRESENTATIVE IN CONGRESS 2 YEAR TERM (1) POSITION,IONIA,IONIA CITY,0674086004001,,,,,,,,,,,
34,28,0,2,,6,300,3RD DISTRICT REPRESENTATIVE IN CONGRESS 2 YEAR TERM (1) POSITION,IONIA,PORTLAND TOWNSHIP,0676588000002,,,,,,,,,,,
39,14,0,6,,6,600,6TH DISTRICT REPRESENTATIVE IN CONGRESS 2 YEAR TERM (1) POSITION,KALAMAZOO,KALAMAZOO TOWNSHIP,0774218000006,,,,,,,,,,,
39,58,0,20,,6,600,6TH DISTRICT REPRESENTATIVE IN CONGRESS 2 YEAR TERM (1) POSITION,KALAMAZOO,PORTAGE CITY,0776556000020,,,,,,,,,,,
41,12,0,6,,6,300,3RD DISTRICT REPRESENTATIVE IN CONGRESS 2 YEAR TERM (1) POSITION,KENT,CALEDONIA TOWNSHIP,0811250000006,,,,,,,,,,,
41,16,0,9,,6,300,3RD DISTRICT REPRESENTATIVE IN CONGRESS 2 YEAR TERM (1) POSITION,KENT,CASCADE TOWNSHIP,0811366000009,,,,,,,,,,,
41,16,0,10,,6,300,3RD DISTRICT REPRESENTATIVE IN CONGRESS 2 YEAR TERM (1) POSITION,KENT,CASCADE TOWNSHIP,0811366000010,,,,,,,,,,,
41,60,2,17,,6,200,2ND DISTRICT REPRESENTATIVE IN CONGRESS 2 YEAR TERM (1) POSITION,KENT,KENTWOOD CITY,0814282002017,,,,,,,,,,,
41,60,2,18,,6,200,2ND DISTRICT REPRESENTATIVE IN CONGRESS 2 YEAR TERM (1) POSITION,KENT,KENTWOOD CITY,0814282002018,,,,,,,,,,,
41,38,0,2,,6,300,3RD DISTRICT REPRESENTATIVE IN CONGRESS 2 YEAR TERM (1) POSITION,KENT,SPENCER TOWNSHIP,0817556000002,,,,,,,,,,,
46,30,0,3,,6,700,7TH DISTRICT REPRESENTATIVE IN CONGRESS 2 YEAR TERM (1) POSITION,LENAWEE,RAISIN TOWNSHIP,0916684000003,,,,,,,,,,,
50,6,0,15,,6,1000,10TH DISTRICT REPRESENTATIVE IN CONGRESS 2 YEAR TERM (1) POSITION,MACOMB,CHESTERFIELD TOWNSHIP,0991534000015,,,,,,,,,,,
50,6,0,16,,6,1000,10TH DISTRICT REPRESENTATIVE IN CONGRESS 2 YEAR TERM (1) POSITION,MACOMB,CHESTERFIELD TOWNSHIP,0991534000016,,,,,,,,,,,
50,6,0,17,,6,1000,10TH DISTRICT REPRESENTATIVE IN CONGRESS 2 YEAR TERM (1) POSITION,MACOMB,CHESTERFIELD TOWNSHIP,0991534000017,,,,,,,,,,,
50,6,0,18,,6,1000,10TH DISTRICT REPRESENTATIVE IN CONGRESS 2 YEAR TERM (1) POSITION,MACOMB,CHESTERFIELD TOWNSHIP,0991534000018,,,,,,,,,,,
50,6,0,19,,6,1000,10TH DISTRICT REPRESENTATIVE IN CONGRESS 2 YEAR TERM (1) POSITION,MACOMB,CHESTERFIELD TOWNSHIP,0991534000019,,,,,,,,,,,
50,54,0,13,,6,900,9TH DISTRICT REPRESENTATIVE IN CONGRESS 2 YEAR TERM (1) POSITION,MACOMB,EASTPOINTE CITY,0992429000013,,,,,,,,,,,
50,54,0,14,,6,900,9TH DISTRICT REPRESENTATIVE IN CONGRESS 2 YEAR TERM (1) POSITION,MACOMB,EASTPOINTE CITY,0992429000014,,,,,,,,,,,
50,16,0,36,,6,1000,10TH DISTRICT REPRESENTATIVE IN CONGRESS 2 YEAR TERM (1) POSITION,MACOMB,MACOMB TOWNSHIP,0995048000036,,,,,,,,,,,
50,16,0,37,,6,1000,10TH DISTRICT REPRESENTATIVE IN CONGRESS 2 YEAR TERM (1) POSITION,MACOMB,MACOMB TOWNSHIP,0995048000037,,,,,,,,,,,
50,22,0,30,,6,1000,10TH DISTRICT REPRESENTATIVE IN CONGRESS 2 YEAR TERM (1) POSITION,MACOMB,SHELBY TOWNSHIP,0997282000030,,,,,,,,,,,
50,24,0,11,,6,1000,10TH DISTRICT REPRESENTATIVE IN CONGRESS 2 YEAR TERM (1) POSITION,MACOMB,WASHINGTON TOWNSHIP,0998412000011,,,,,,,,,,,
58,16,0,1,,6,700,7TH DISTRICT REPRESENTATIVE IN CONGRESS 2 YEAR TERM (1) POSITION,MONROE,IDA TOWNSHIP,1.15403E+12,,,,,,,,,,,
62,14,0,2,,6,200,2ND DISTRICT REPRESENTATIVE IN CONGRESS 2 YEAR TERM (1) POSITION,NEWAYGO,CROTON TOWNSHIP,1.2319E+12,,,,,,,,,,,
63,62,0,6,,6,900,9TH DISTRICT REPRESENTATIVE IN CONGRESS 2 YEAR TERM (1) POSITION,OAKLAND,HAZEL PARK CITY,1.25374E+12,,,,,,,,,,,
63,22,0,7,,6,1100,11TH DISTRICT REPRESENTATIVE IN CONGRESS 2 YEAR TERM (1) POSITION,OAKLAND,LYON TOWNSHIP,1.25498E+12,,,,,,,,,,,
63,22,0,8,,6,1100,11TH DISTRICT REPRESENTATIVE IN CONGRESS 2 YEAR TERM (1) POSITION,OAKLAND,LYON TOWNSHIP,1.25498E+12,,,,,,,,,,,
63,22,0,9,,6,1100,11TH DISTRICT REPRESENTATIVE IN CONGRESS 2 YEAR TERM (1) POSITION,OAKLAND,LYON TOWNSHIP,1.25498E+12,,,,,,,,,,,
63,74,0,23,,6,1100,11TH DISTRICT REPRESENTATIVE IN CONGRESS 2 YEAR TERM (1) POSITION,OAKLAND,NOVI CITY,1.25594E+12,,,,,,,,,,,
63,74,0,24,,6,1100,11TH DISTRICT REPRESENTATIVE IN CONGRESS 2 YEAR TERM (1) POSITION,OAKLAND,NOVI CITY,1.25594E+12,,,,,,,,,,,
63,74,0,25,,6,1100,11TH DISTRICT REPRESENTATIVE IN CONGRESS 2 YEAR TERM (1) POSITION,OAKLAND,NOVI CITY,1.25594E+12,,,,,,,,,,,
63,84,0,6,,6,800,8TH DISTRICT REPRESENTATIVE IN CONGRESS 2 YEAR TERM (1) POSITION,OAKLAND,ROCHESTER CITY,1.2569E+12,,,,,,,,,,,
63,85,2,4,,6,800,8TH DISTRICT REPRESENTATIVE IN CONGRESS 2 YEAR TERM (1) POSITION,OAKLAND,ROCHESTER HILLS CITY,1.2569E+12,,,,,,,,,,,
63,85,2,7,,6,800,8TH DISTRICT REPRESENTATIVE IN CONGRESS 2 YEAR TERM (1) POSITION,OAKLAND,ROCHESTER HILLS CITY,1.2569E+12,,,,,,,,,,,
63,85,2,9,,6,800,8TH DISTRICT REPRESENTATIVE IN CONGRESS 2 YEAR TERM (1) POSITION,OAKLAND,ROCHESTER HILLS CITY,1.2569E+12,,,,,,,,,,,
63,85,2,10,,6,800,8TH DISTRICT REPRESENTATIVE IN CONGRESS 2 YEAR TERM (1) POSITION,OAKLAND,ROCHESTER HILLS CITY,1.2569E+12,,,,,,,,,,,
63,85,2,18,,6,800,8TH DISTRICT REPRESENTATIVE IN CONGRESS 2 YEAR TERM (1) POSITION,OAKLAND,ROCHESTER HILLS CITY,1.2569E+12,,,,,,,,,,,
63,85,2,19,,6,800,8TH DISTRICT REPRESENTATIVE IN CONGRESS 2 YEAR TERM (1) POSITION,OAKLAND,ROCHESTER HILLS CITY,1.2569E+12,,,,,,,,,,,
63,85,2,21,,6,800,8TH DISTRICT REPRESENTATIVE IN CONGRESS 2 YEAR TERM (1) POSITION,OAKLAND,ROCHESTER HILLS CITY,1.2569E+12,,,,,,,,,,,
63,85,2,25,,6,800,8TH DISTRICT REPRESENTATIVE IN CONGRESS 2 YEAR TERM (1) POSITION,OAKLAND,ROCHESTER HILLS CITY,1.2569E+12,,,,,,,,,,,
63,85,2,32,,6,800,8TH DISTRICT REPRESENTATIVE IN CONGRESS 2 YEAR TERM (1) POSITION,OAKLAND,ROCHESTER HILLS CITY,1.2569E+12,,,,,,,,,,,
63,85,3,1,,6,800,8TH DISTRICT REPRESENTATIVE IN CONGRESS 2 YEAR TERM (1) POSITION,OAKLAND,ROCHESTER HILLS CITY,1.2569E+12,,,,,,,,,,,
63,85,3,2,,6,800,8TH DISTRICT REPRESENTATIVE IN CONGRESS 2 YEAR TERM (1) POSITION,OAKLAND,ROCHESTER HILLS CITY,1.2569E+12,,,,,,,,,,,
63,85,3,3,,6,1100,11TH DISTRICT REPRESENTATIVE IN CONGRESS 2 YEAR TERM (1) POSITION,OAKLAND,ROCHESTER HILLS CITY,1.2569E+12,,,,,,,,,,,
63,85,3,12,,6,800,8TH DISTRICT REPRESENTATIVE IN CONGRESS 2 YEAR TERM (1) POSITION,OAKLAND,ROCHESTER HILLS CITY,1.2569E+12,,,,,,,,,,,
63,85,3,13,,6,1100,11TH DISTRICT REPRESENTATIVE IN CONGRESS 2 YEAR TERM (1) POSITION,OAKLAND,ROCHESTER HILLS CITY,1.2569E+12,,,,,,,,,,,
63,85,3,16,,6,800,8TH DISTRICT REPRESENTATIVE IN CONGRESS 2 YEAR TERM (1) POSITION,OAKLAND,ROCHESTER HILLS CITY,1.2569E+12,,,,,,,,,,,
63,85,3,24,,6,800,8TH DISTRICT REPRESENTATIVE IN CONGRESS 2 YEAR TERM (1) POSITION,OAKLAND,ROCHESTER HILLS CITY,1.2569E+12,,,,,,,,,,,
63,85,3,31,,6,800,8TH DISTRICT REPRESENTATIVE IN CONGRESS 2 YEAR TERM (1) POSITION,OAKLAND,ROCHESTER HILLS CITY,1.2569E+12,,,,,,,,,,,
63,85,4,5,,6,800,8TH DISTRICT REPRESENTATIVE IN CONGRESS 2 YEAR TERM (1) POSITION,OAKLAND,ROCHESTER HILLS CITY,1.2569E+12,,,,,,,,,,,
63,85,4,11,,6,800,8TH DISTRICT REPRESENTATIVE IN CONGRESS 2 YEAR TERM (1) POSITION,OAKLAND,ROCHESTER HILLS CITY,1.2569E+12,,,,,,,,,,,
63,85,4,15,,6,800,8TH DISTRICT REPRESENTATIVE IN CONGRESS 2 YEAR TERM (1) POSITION,OAKLAND,ROCHESTER HILLS CITY,1.2569E+12,,,,,,,,,,,
63,85,4,20,,6,800,8TH DISTRICT REPRESENTATIVE IN CONGRESS 2 YEAR TERM (1) POSITION,OAKLAND,ROCHESTER HILLS CITY,1.2569E+12,,,,,,,,,,,
63,85,4,27,,6,800,8TH DISTRICT REPRESENTATIVE IN CONGRESS 2 YEAR TERM (1) POSITION,OAKLAND,ROCHESTER HILLS CITY,1.2569E+12,,,,,,,,,,,
63,85,4,28,,6,800,8TH DISTRICT REPRESENTATIVE IN CONGRESS 2 YEAR TERM (1) POSITION,OAKLAND,ROCHESTER HILLS CITY,1.2569E+12,,,,,,,,,,,
63,85,4,30,,6,800,8TH DISTRICT REPRESENTATIVE IN CONGRESS 2 YEAR TERM (1) POSITION,OAKLAND,ROCHESTER HILLS CITY,1.2569E+12,,,,,,,,,,,
63,96,0,3,,6,1100,11TH DISTRICT REPRESENTATIVE IN CONGRESS 2 YEAR TERM (1) POSITION,OAKLAND,WALLED LAKE CITY,1.25831E+12,,,,,,,,,,,
69,52,2,1,,6,100,1ST DISTRICT REPRESENTATIVE IN CONGRESS 2 YEAR TERM (1) POSITION,OTSEGO,GAYLORD CITY,1.37317E+12,,,,,,,,,,,
69,52,3,1,,6,100,1ST DISTRICT REPRESENTATIVE IN CONGRESS 2 YEAR TERM (1) POSITION,OTSEGO,GAYLORD CITY,1.37317E+12,,,,,,,,,,,
70,10,0,17,,6,200,2ND DISTRICT REPRESENTATIVE IN CONGRESS 2 YEAR TERM (1) POSITION,OTTAWA,GEORGETOWN TOWNSHIP,1.39319E+12,,,,,,,,,,,
70,34,0,4,,6,200,2ND DISTRICT REPRESENTATIVE IN CONGRESS 2 YEAR TERM (1) POSITION,OTTAWA,ZEELAND TOWNSHIP,1.39893E+12,,,,,,,,,,,
74,56,0,4,,6,1000,10TH DISTRICT REPRESENTATIVE IN CONGRESS 2 YEAR TERM (1) POSITION,ST. CLAIR,MARYSVILLE CITY,1.47521E+12,,,,,,,,,,,
81,52,1,11,,6,1200,12TH DISTRICT REPRESENTATIVE IN CONGRESS 2 YEAR TERM (1) POSITION,WASHTENAW,ANN ARBOR CITY,1.6103E+12,,,,,,,,,,,
81,52,1,12,,6,1200,12TH DISTRICT REPRESENTATIVE IN CONGRESS 2 YEAR TERM (1) POSITION,WASHTENAW,ANN ARBOR CITY,1.6103E+12,,,,,,,,,,,
81,52,3,10,,6,1200,12TH DISTRICT REPRESENTATIVE IN CONGRESS 2 YEAR TERM (1) POSITION,WASHTENAW,ANN ARBOR CITY,1.6103E+12,,,,,,,,,,,
81,52,5,12,,6,1200,12TH DISTRICT REPRESENTATIVE IN CONGRESS 2 YEAR TERM (1) POSITION,WASHTENAW,ANN ARBOR CITY,1.6103E+12,,,,,,,,,,,
81,55,0,3,,6,700,7TH DISTRICT REPRESENTATIVE IN CONGRESS 2 YEAR TERM (1) POSITION,WASHTENAW,DEXTER CITY,1.61222E+12,,,,,,,,,,,
81,12,0,2,,6,700,7TH DISTRICT REPRESENTATIVE IN CONGRESS 2 YEAR TERM (1) POSITION,WASHTENAW,LIMA TOWNSHIP,1.61475E+12,,,,,,,,,,,
81,22,0,11,,6,1200,12TH DISTRICT REPRESENTATIVE IN CONGRESS 2 YEAR TERM (1) POSITION,WASHTENAW,PITTSFIELD TOWNSHIP,1.61646E+12,,,,,,,,,,,
81,22,0,12,,6,1200,12TH DISTRICT REPRESENTATIVE IN CONGRESS 2 YEAR TERM (1) POSITION,WASHTENAW,PITTSFIELD TOWNSHIP,1.61646E+12,,,,,,,,,,,
81,22,0,13,,6,1200,12TH DISTRICT REPRESENTATIVE IN CONGRESS 2 YEAR TERM (1) POSITION,WASHTENAW,PITTSFIELD TOWNSHIP,1.61646E+12,,,,,,,,,,,
81,28,0,1,,6,1200,12TH DISTRICT REPRESENTATIVE IN CONGRESS 2 YEAR TERM (1) POSITION,WASHTENAW,SCIO TOWNSHIP,1.61719E+12,,,,,,,,,,,
82,2,0,12,,6,1200,12TH DISTRICT REPRESENTATIVE IN CONGRESS 2 YEAR TERM (1) POSITION,WAYNE,BROWNSTOWN TOWNSHIP,1.63112E+12,,,,,,,,,,,
82,57,0,109,AVCB,6,1400,14TH DISTRICT REPRESENTATIVE IN CONGRESS 2 YEAR TERM (1) POSITION,WAYNE,DETROIT CITY,1.6322E+12,,,,,,,,,,,
82,57,1,251,,6,1400,14TH DISTRICT REPRESENTATIVE IN CONGRESS 2 YEAR TERM (1) POSITION,WAYNE,DETROIT CITY,1.6322E+12,,,,,,,,,,,
82,57,1,252,,6,1400,14TH DISTRICT REPRESENTATIVE IN CONGRESS 2 YEAR TERM (1) POSITION,WAYNE,DETROIT CITY,1.6322E+12,,,,,,,,,,,
82,57,1,253,,6,1400,14TH DISTRICT REPRESENTATIVE IN CONGRESS 2 YEAR TERM (1) POSITION,WAYNE,DETROIT CITY,1.6322E+12,,,,,,,,,,,
82,57,1,254,,6,1400,14TH DISTRICT REPRESENTATIVE IN CONGRESS 2 YEAR TERM (1) POSITION,WAYNE,DETROIT CITY,1.6322E+12,,,,,,,,,,,
82,57,1,261,,6,1300,13TH DISTRICT REPRESENTATIVE IN CONGRESS 2 YEAR TERM (1) POSITION FILES IN WAYNE COUNTY,WAYNE,DETROIT CITY,1.6322E+12,,,,,,,,,,,
82,57,1,262,,6,1300,13TH DISTRICT REPRESENTATIVE IN CONGRESS 2 YEAR TERM (1) POSITION FILES IN WAYNE COUNTY,WAYNE,DETROIT CITY,1.6322E+12,,,,,,,,,,,
82,57,1,263,,6,1300,13TH DISTRICT REPRESENTATIVE IN CONGRESS 2 YEAR TERM (1) POSITION FILES IN WAYNE COUNTY,WAYNE,DETROIT CITY,1.6322E+12,,,,,,,,,,,
82,57,1,264,,6,1300,13TH DISTRICT REPRESENTATIVE IN CONGRESS 2 YEAR TERM (1) POSITION FILES IN WAYNE COUNTY,WAYNE,DETROIT CITY,1.6322E+12,,,,,,,,,,,
82,57,1,265,,6,1300,13TH DISTRICT REPRESENTATIVE IN CONGRESS 2 YEAR TERM (1) POSITION FILES IN WAYNE COUNTY,WAYNE,DETROIT CITY,1.6322E+12,,,,,,,,,,,
82,57,1,266,,6,1300,13TH DISTRICT REPRESENTATIVE IN CONGRESS 2 YEAR TERM (1) POSITION FILES IN WAYNE COUNTY,WAYNE,DETROIT CITY,1.6322E+12,,,,,,,,,,,
82,57,1,267,,6,1300,13TH DISTRICT REPRESENTATIVE IN CONGRESS 2 YEAR TERM (1) POSITION FILES IN WAYNE COUNTY,WAYNE,DETROIT CITY,1.6322E+12,,,,,,,,,,,
82,57,1,268,,6,1300,13TH DISTRICT REPRESENTATIVE IN CONGRESS 2 YEAR TERM (1) POSITION FILES IN WAYNE COUNTY,WAYNE,DETROIT CITY,1.6322E+12,,,,,,,,,,,
82,57,1,269,,6,1300,13TH DISTRICT REPRESENTATIVE IN CONGRESS 2 YEAR TERM (1) POSITION FILES IN WAYNE COUNTY,WAYNE,DETROIT CITY,1.6322E+12,,,,,,,,,,,
82,57,1,270,,6,1300,13TH DISTRICT REPRESENTATIVE IN CONGRESS 2 YEAR TERM (1) POSITION FILES IN WAYNE COUNTY,WAYNE,DETROIT CITY,1.6322E+12,,,,,,,,,,,
82,57,1,271,,6,1300,13TH DISTRICT REPRESENTATIVE IN CONGRESS 2 YEAR TERM (1) POSITION FILES IN WAYNE COUNTY,WAYNE,DETROIT CITY,1.6322E+12,,,,,,,,,,,
82,57,1,272,,6,1300,13TH DISTRICT REPRESENTATIVE IN CONGRESS 2 YEAR TERM (1) POSITION FILES IN WAYNE COUNTY,WAYNE,DETROIT CITY,1.6322E+12,,,,,,,,,,,
82,57,1,273,,6,1300,13TH DISTRICT REPRESENTATIVE IN CONGRESS 2 YEAR TERM (1) POSITION FILES IN WAYNE COUNTY,WAYNE,DETROIT CITY,1.6322E+12,,,,,,,,,,,
82,57,1,274,,6,1300,13TH DISTRICT REPRESENTATIVE IN CONGRESS 2 YEAR TERM (1) POSITION FILES IN WAYNE COUNTY,WAYNE,DETROIT CITY,1.6322E+12,,,,,,,,,,,
82,57,1,275,,6,1300,13TH DISTRICT REPRESENTATIVE IN CONGRESS 2 YEAR TERM (1) POSITION FILES IN WAYNE COUNTY,WAYNE,DETROIT CITY,1.6322E+12,,,,,,,,,,,
82,57,1,276,,6,1300,13TH DISTRICT REPRESENTATIVE IN CONGRESS 2 YEAR TERM (1) POSITION FILES IN WAYNE COUNTY,WAYNE,DETROIT CITY,1.6322E+12,,,,,,,,,,,
82,57,1,277,,6,1300,13TH DISTRICT REPRESENTATIVE IN CONGRESS 2 YEAR TERM (1) POSITION FILES IN WAYNE COUNTY,WAYNE,DETROIT CITY,1.6322E+12,,,,,,,,,,,
82,57,1,278,,6,1300,13TH DISTRICT REPRESENTATIVE IN CONGRESS 2 YEAR TERM (1) POSITION FILES IN WAYNE COUNTY,WAYNE,DETROIT CITY,1.6322E+12,,,,,,,,,,,
82,57,1,279,,6,1300,13TH DISTRICT REPRESENTATIVE IN CONGRESS 2 YEAR TERM (1) POSITION FILES IN WAYNE COUNTY,WAYNE,DETROIT CITY,1.6322E+12,,,,,,,,,,,
82,57,1,280,,6,1300,13TH DISTRICT REPRESENTATIVE IN CONGRESS 2 YEAR TERM (1) POSITION FILES IN WAYNE COUNTY,WAYNE,DETROIT CITY,1.6322E+12,,,,,,,,,,,
82,57,1,281,,6,1300,13TH DISTRICT REPRESENTATIVE IN CONGRESS 2 YEAR TERM (1) POSITION FILES IN WAYNE COUNTY,WAYNE,DETROIT CITY,1.6322E+12,,,,,,,,,,,
82,57,1,282,,6,1300,13TH DISTRICT REPRESENTATIVE IN CONGRESS 2 YEAR TERM (1) POSITION FILES IN WAYNE COUNTY,WAYNE,DETROIT CITY,1.6322E+12,,,,,,,,,,,
82,57,1,283,,6,1300,13TH DISTRICT REPRESENTATIVE IN CONGRESS 2 YEAR TERM (1) POSITION FILES IN WAYNE COUNTY,WAYNE,DETROIT CITY,1.6322E+12,,,,,,,,,,,
82,57,1,284,,6,1300,13TH DISTRICT REPRESENTATIVE IN CONGRESS 2 YEAR TERM (1) POSITION FILES IN WAYNE COUNTY,WAYNE,DETROIT CITY,1.6322E+12,,,,,,,,,,,
82,57,1,285,,6,1300,13TH DISTRICT REPRESENTATIVE IN CONGRESS 2 YEAR TERM (1) POSITION FILES IN WAYNE COUNTY,WAYNE,DETROIT CITY,1.6322E+12,,,,,,,,,,,
82,57,1,286,,6,1300,13TH DISTRICT REPRESENTATIVE IN CONGRESS 2 YEAR TERM (1) POSITION FILES IN WAYNE COUNTY,WAYNE,DETROIT CITY,1.6322E+12,,,,,,,,,,,
82,57,1,287,,6,1300,13TH DISTRICT REPRESENTATIVE IN CONGRESS 2 YEAR TERM (1) POSITION FILES IN WAYNE COUNTY,WAYNE,DETROIT CITY,1.6322E+12,,,,,,,,,,,
82,57,1,297,,6,1300,13TH DISTRICT REPRESENTATIVE IN CONGRESS 2 YEAR TERM (1) POSITION FILES IN WAYNE COUNTY,WAYNE,DETROIT CITY,1.6322E+12,,,,,,,,,,,
82,57,1,298,,6,1300,13TH DISTRICT REPRESENTATIVE IN CONGRESS 2 YEAR TERM (1) POSITION FILES IN WAYNE COUNTY,WAYNE,DETROIT CITY,1.6322E+12,,,,,,,,,,,
82,57,1,299,,6,1300,13TH DISTRICT REPRESENTATIVE IN CONGRESS 2 YEAR TERM (1) POSITION FILES IN WAYNE COUNTY,WAYNE,DETROIT CITY,1.6322E+12,,,,,,,,,,,
82,57,1,300,,6,1300,13TH DISTRICT REPRESENTATIVE IN CONGRESS 2 YEAR TERM (1) POSITION FILES IN WAYNE COUNTY,WAYNE,DETROIT CITY,1.6322E+12,,,,,,,,,,,
82,57,1,301,,6,1300,13TH DISTRICT REPRESENTATIVE IN CONGRESS 2 YEAR TERM (1) POSITION FILES IN WAYNE COUNTY,WAYNE,DETROIT CITY,1.6322E+12,,,,,,,,,,,
82,57,1,302,,6,1300,13TH DISTRICT REPRESENTATIVE IN CONGRESS 2 YEAR TERM (1) POSITION FILES IN WAYNE COUNTY,WAYNE,DETROIT CITY,1.6322E+12,,,,,,,,,,,
82,57,1,303,,6,1300,13TH DISTRICT REPRESENTATIVE IN CONGRESS 2 YEAR TERM (1) POSITION FILES IN WAYNE COUNTY,WAYNE,DETROIT CITY,1.6322E+12,,,,,,,,,,,
82,57,1,304,,6,1300,13TH DISTRICT REPRESENTATIVE IN CONGRESS 2 YEAR TERM (1) POSITION FILES IN WAYNE COUNTY,WAYNE,DETROIT CITY,1.6322E+12,,,,,,,,,,,
82,57,1,305,,6,1300,13TH DISTRICT REPRESENTATIVE IN CONGRESS 2 YEAR TERM (1) POSITION FILES IN WAYNE COUNTY,WAYNE,DETROIT CITY,1.6322E+12,,,,,,,,,,,
82,57,1,306,,6,1300,13TH DISTRICT REPRESENTATIVE IN CONGRESS 2 YEAR TERM (1) POSITION FILES IN WAYNE COUNTY,WAYNE,DETROIT CITY,1.6322E+12,,,,,,,,,,,
82,57,1,307,,6,1300,13TH DISTRICT REPRESENTATIVE IN CONGRESS 2 YEAR TERM (1) POSITION FILES IN WAYNE COUNTY,WAYNE,DETROIT CITY,1.6322E+12,,,,,,,,,,,
82,57,1,308,,6,1300,13TH DISTRICT REPRESENTATIVE IN CONGRESS 2 YEAR TERM (1) POSITION FILES IN WAYNE COUNTY,WAYNE,DETROIT CITY,1.6322E+12,,,,,,,,,,,
82,57,1,309,,6,1300,13TH DISTRICT REPRESENTATIVE IN CONGRESS 2 YEAR TERM (1) POSITION FILES IN WAYNE COUNTY,WAYNE,DETROIT CITY,1.6322E+12,,,,,,,,,,,
82,57,1,310,,6,1300,13TH DISTRICT REPRESENTATIVE IN CONGRESS 2 YEAR TERM (1) POSITION FILES IN WAYNE COUNTY,WAYNE,DETROIT CITY,1.6322E+12,,,,,,,,,,,
82,57,1,311,,6,1300,13TH DISTRICT REPRESENTATIVE IN CONGRESS 2 YEAR TERM (1) POSITION FILES IN WAYNE COUNTY,WAYNE,DETROIT CITY,1.6322E+12,,,,,,,,,,,
82,57,1,312,,6,1300,13TH DISTRICT REPRESENTATIVE IN CONGRESS 2 YEAR TERM (1) POSITION FILES IN WAYNE COUNTY,WAYNE,DETROIT CITY,1.6322E+12,,,,,,,,,,,
82,57,1,315,,6,1300,13TH DISTRICT REPRESENTATIVE IN CONGRESS 2 YEAR TERM (1) POSITION FILES IN WAYNE COUNTY,WAYNE,DETROIT CITY,1.6322E+12,,,,,,,,,,,
82,57,1,316,,6,1300,13TH DISTRICT REPRESENTATIVE IN CONGRESS 2 YEAR TERM (1) POSITION FILES IN WAYNE COUNTY,WAYNE,DETROIT CITY,1.6322E+12,,,,,,,,,,,
82,57,1,317,,6,1300,13TH DISTRICT REPRESENTATIVE IN CONGRESS 2 YEAR TERM (1) POSITION FILES IN WAYNE COUNTY,WAYNE,DETROIT CITY,1.6322E+12,,,,,,,,,,,
82,57,1,318,,6,1400,14TH DISTRICT REPRESENTATIVE IN CONGRESS 2 YEAR TERM (1) POSITION,WAYNE,DETROIT CITY,1.6322E+12,,,,,,,,,,,
82,57,1,319,,6,1400,14TH DISTRICT REPRESENTATIVE IN CONGRESS 2 YEAR TERM (1) POSITION,WAYNE,DETROIT CITY,1.6322E+12,,,,,,,,,,,
82,57,1,320,,6,1400,14TH DISTRICT REPRESENTATIVE IN CONGRESS 2 YEAR TERM (1) POSITION,WAYNE,DETROIT CITY,1.6322E+12,,,,,,,,,,,
82,57,1,321,,6,1300,13TH DISTRICT REPRESENTATIVE IN CONGRESS 2 YEAR TERM (1) POSITION FILES IN WAYNE COUNTY,WAYNE,DETROIT CITY,1.6322E+12,,,,,,,,,,,
82,57,1,322,,6,1400,14TH DISTRICT REPRESENTATIVE IN CONGRESS 2 YEAR TERM (1) POSITION,WAYNE,DETROIT CITY,1.6322E+12,,,,,,,,,,,
82,57,1,323,,6,1300,13TH DISTRICT REPRESENTATIVE IN CONGRESS 2 YEAR TERM (1) POSITION FILES IN WAYNE COUNTY,WAYNE,DETROIT CITY,1.6322E+12,,,,,,,,,,,
82,57,1,324,,6,1300,13TH DISTRICT REPRESENTATIVE IN CONGRESS 2 YEAR TERM (1) POSITION FILES IN WAYNE COUNTY,WAYNE,DETROIT CITY,1.6322E+12,,,,,,,,,,,
82,57,1,325,,6,1300,13TH DISTRICT REPRESENTATIVE IN CONGRESS 2 YEAR TERM (1) POSITION FILES IN WAYNE COUNTY,WAYNE,DETROIT CITY,1.6322E+12,,,,,,,,,,,
82,57,1,326,,6,1300,13TH DISTRICT REPRESENTATIVE IN CONGRESS 2 YEAR TERM (1) POSITION FILES IN WAYNE COUNTY,WAYNE,DETROIT CITY,1.6322E+12,,,,,,,,,,,
82,57,1,327,,6,1300,13TH DISTRICT REPRESENTATIVE IN CONGRESS 2 YEAR TERM (1) POSITION FILES IN WAYNE COUNTY,WAYNE,DETROIT CITY,1.6322E+12,,,,,,,,,,,
82,57,1,328,,6,1300,13TH DISTRICT REPRESENTATIVE IN CONGRESS 2 YEAR TERM (1) POSITION FILES IN WAYNE COUNTY,WAYNE,DETROIT CITY,1.6322E+12,,,,,,,,,,,
82,57,1,329,,6,1300,13TH DISTRICT REPRESENTATIVE IN CONGRESS 2 YEAR TERM (1) POSITION FILES IN WAYNE COUNTY,WAYNE,DETROIT CITY,1.6322E+12,,,,,,,,,,,
82,57,1,350,,6,1300,13TH DISTRICT REPRESENTATIVE IN CONGRESS 2 YEAR TERM (1) POSITION FILES IN WAYNE COUNTY,WAYNE,DETROIT CITY,1.6322E+12,,,,,,,,,,,
82,57,1,351,,6,1300,13TH DISTRICT REPRESENTATIVE IN CONGRESS 2 YEAR TERM (1) POSITION FILES IN WAYNE COUNTY,WAYNE,DETROIT CITY,1.6322E+12,,,,,,,,,,,
82,57,1,352,,6,1300,13TH DISTRICT REPRESENTATIVE IN CONGRESS 2 YEAR TERM (1) POSITION FILES IN WAYNE COUNTY,WAYNE,DETROIT CITY,1.6322E+12,,,,,,,,,,,
82,57,1,353,,6,1300,13TH DISTRICT REPRESENTATIVE IN CONGRESS 2 YEAR TERM (1) POSITION FILES IN WAYNE COUNTY,WAYNE,DETROIT CITY,1.6322E+12,,,,,,,,,,,
82,57,1,354,,6,1300,13TH DISTRICT REPRESENTATIVE IN CONGRESS 2 YEAR TERM (1) POSITION FILES IN WAYNE COUNTY,WAYNE,DETROIT CITY,1.6322E+12,,,,,,,,,,,
82,57,1,357,,6,1300,13TH DISTRICT REPRESENTATIVE IN CONGRESS 2 YEAR TERM (1) POSITION FILES IN WAYNE COUNTY,WAYNE,DETROIT CITY,1.6322E+12,,,,,,,,,,,
82,57,1,358,,6,1300,13TH DISTRICT REPRESENTATIVE IN CONGRESS 2 YEAR TERM (1) POSITION FILES IN WAYNE COUNTY,WAYNE,DETROIT CITY,1.6322E+12,,,,,,,,,,,
82,57,1,359,,6,1300,13TH DISTRICT REPRESENTATIVE IN CONGRESS 2 YEAR TERM (1) POSITION FILES IN WAYNE COUNTY,WAYNE,DETROIT CITY,1.6322E+12,,,,,,,,,,,
82,57,1,360,,6,1300,13TH DISTRICT REPRESENTATIVE IN CONGRESS 2 YEAR TERM (1) POSITION FILES IN WAYNE COUNTY,WAYNE,DETROIT CITY,1.6322E+12,,,,,,,,,,,
82,57,1,361,,6,1300,13TH DISTRICT REPRESENTATIVE IN CONGRESS 2 YEAR TERM (1) POSITION FILES IN WAYNE COUNTY,WAYNE,DETROIT CITY,1.6322E+12,,,,,,,,,,,
82,57,1,362,,6,1300,13TH DISTRICT REPRESENTATIVE IN CONGRESS 2 YEAR TERM (1) POSITION FILES IN WAYNE COUNTY,WAYNE,DETROIT CITY,1.6322E+12,,,,,,,,,,,
82,57,1,378,,6,1300,13TH DISTRICT REPRESENTATIVE IN CONGRESS 2 YEAR TERM (1) POSITION FILES IN WAYNE COUNTY,WAYNE,DETROIT CITY,1.6322E+12,,,,,,,,,,,
82,57,1,379,,6,1300,13TH DISTRICT REPRESENTATIVE IN CONGRESS 2 YEAR TERM (1) POSITION FILES IN WAYNE COUNTY,WAYNE,DETROIT CITY,1.6322E+12,,,,,,,,,,,
82,57,1,490,,6,1400,14TH DISTRICT REPRESENTATIVE IN CONGRESS 2 YEAR TERM (1) POSITION,WAYNE,DETROIT CITY,1.6322E+12,,,,,,,,,,,
82,57,1,495,,6,1300,13TH DISTRICT REPRESENTATIVE IN CONGRESS 2 YEAR TERM (1) POSITION FILES IN WAYNE COUNTY,WAYNE,DETROIT CITY,1.6322E+12,,,,,,,,,,,
82,57,1,501,,6,1300,13TH DISTRICT REPRESENTATIVE IN CONGRESS 2 YEAR TERM (1) POSITION FILES IN WAYNE COUNTY,WAYNE,DETROIT CITY,1.6322E+12,,,,,,,,,,,
82,57,2,198,,6,1400,14TH DISTRICT REPRESENTATIVE IN CONGRESS 2 YEAR TERM (1) POSITION,WAYNE,DETROIT CITY,1.6322E+12,,,,,,,,,,,
82,57,2,199,,6,1400,14TH DISTRICT REPRESENTATIVE IN CONGRESS 2 YEAR TERM (1) POSITION,WAYNE,DETROIT CITY,1.6322E+12,,,,,,,,,,,
82,57,2,200,,6,1400,14TH DISTRICT REPRESENTATIVE IN CONGRESS 2 YEAR TERM (1) POSITION,WAYNE,DETROIT CITY,1.6322E+12,,,,,,,,,,,
82,57,2,201,,6,1400,14TH DISTRICT REPRESENTATIVE IN CONGRESS 2 YEAR TERM (1) POSITION,WAYNE,DETROIT CITY,1.6322E+12,,,,,,,,,,,
82,57,2,202,,6,1400,14TH DISTRICT REPRESENTATIVE IN CONGRESS 2 YEAR TERM (1) POSITION,WAYNE,DETROIT CITY,1.6322E+12,,,,,,,,,,,
82,57,2,203,,6,1400,14TH DISTRICT REPRESENTATIVE IN CONGRESS 2 YEAR TERM (1) POSITION,WAYNE,DETROIT CITY,1.6322E+12,,,,,,,,,,,
82,57,2,204,,6,1400,14TH DISTRICT REPRESENTATIVE IN CONGRESS 2 YEAR TERM (1) POSITION,WAYNE,DETROIT CITY,1.6322E+12,,,,,,,,,,,
82,57,2,205,,6,1400,14TH DISTRICT REPRESENTATIVE IN CONGRESS 2 YEAR TERM (1) POSITION,WAYNE,DETROIT CITY,1.6322E+12,,,,,,,,,,,
82,57,2,206,,6,1400,14TH DISTRICT REPRESENTATIVE IN CONGRESS 2 YEAR TERM (1) POSITION,WAYNE,DETROIT CITY,1.6322E+12,,,,,,,,,,,
82,57,2,207,,6,1400,14TH DISTRICT REPRESENTATIVE IN CONGRESS 2 YEAR TERM (1) POSITION,WAYNE,DETROIT CITY,1.6322E+12,,,,,,,,,,,
82,57,2,208,,6,1400,14TH DISTRICT REPRESENTATIVE IN CONGRESS 2 YEAR TERM (1) POSITION,WAYNE,DETROIT CITY,1.6322E+12,,,,,,,,,,,
82,57,2,209,,6,1300,13TH DISTRICT REPRESENTATIVE IN CONGRESS 2 YEAR TERM (1) POSITION FILES IN WAYNE COUNTY,WAYNE,DETROIT CITY,1.6322E+12,,,,,,,,,,,
82,57,2,210,,6,1300,13TH DISTRICT REPRESENTATIVE IN CONGRESS 2 YEAR TERM (1) POSITION FILES IN WAYNE COUNTY,WAYNE,DETROIT CITY,1.6322E+12,,,,,,,,,,,
82,57,2,211,,6,1300,13TH DISTRICT REPRESENTATIVE IN CONGRESS 2 YEAR TERM (1) POSITION FILES IN WAYNE COUNTY,WAYNE,DETROIT CITY,1.6322E+12,,,,,,,,,,,
82,57,2,212,,6,1300,13TH DISTRICT REPRESENTATIVE IN CONGRESS 2 YEAR TERM (1) POSITION FILES IN WAYNE COUNTY,WAYNE,DETROIT CITY,1.6322E+12,,,,,,,,,,,
82,57,2,213,,6,1300,13TH DISTRICT REPRESENTATIVE IN CONGRESS 2 YEAR TERM (1) POSITION FILES IN WAYNE COUNTY,WAYNE,DETROIT CITY,1.6322E+12,,,,,,,,,,,
82,57,2,214,,6,1300,13TH DISTRICT REPRESENTATIVE IN CONGRESS 2 YEAR TERM (1) POSITION FILES IN WAYNE COUNTY,WAYNE,DETROIT CITY,1.6322E+12,,,,,,,,,,,
82,57,2,215,,6,1300,13TH DISTRICT REPRESENTATIVE IN CONGRESS 2 YEAR TERM (1) POSITION FILES IN WAYNE COUNTY,WAYNE,DETROIT CITY,1.6322E+12,,,,,,,,,,,
82,57,2,216,,6,1300,13TH DISTRICT REPRESENTATIVE IN CONGRESS 2 YEAR TERM (1) POSITION FILES IN WAYNE COUNTY,WAYNE,DETROIT CITY,1.6322E+12,,,,,,,,,,,
82,57,2,217,,6,1300,13TH DISTRICT REPRESENTATIVE IN CONGRESS 2 YEAR TERM (1) POSITION FILES IN WAYNE COUNTY,WAYNE,DETROIT CITY,1.6322E+12,,,,,,,,,,,
82,57,2,219,,6,1300,13TH DISTRICT REPRESENTATIVE IN CONGRESS 2 YEAR TERM (1) POSITION FILES IN WAYNE COUNTY,WAYNE,DETROIT CITY,1.6322E+12,,,,,,,,,,,
82,57,2,221,,6,1400,14TH DISTRICT REPRESENTATIVE IN CONGRESS 2 YEAR TERM (1) POSITION,WAYNE,DETROIT CITY,1.6322E+12,,,,,,,,,,,
82,57,2,222,,6,1400,14TH DISTRICT REPRESENTATIVE IN CONGRESS 2 YEAR TERM (1) POSITION,WAYNE,DETROIT CITY,1.6322E+12,,,,,,,,,,,
82,57,2,223,,6,1400,14TH DISTRICT REPRESENTATIVE IN CONGRESS 2 YEAR TERM (1) POSITION,WAYNE,DETROIT CITY,1.6322E+12,,,,,,,,,,,
82,57,2,224,,6,1400,14TH DISTRICT REPRESENTATIVE IN CONGRESS 2 YEAR TERM (1) POSITION,WAYNE,DETROIT CITY,1.6322E+12,,,,,,,,,,,
82,57,2,225,,6,1400,14TH DISTRICT REPRESENTATIVE IN CONGRESS 2 YEAR TERM (1) POSITION,WAYNE,DETROIT CITY,1.6322E+12,,,,,,,,,,,
82,57,2,226,,6,1400,14TH DISTRICT REPRESENTATIVE IN CONGRESS 2 YEAR TERM (1) POSITION,WAYNE,DETROIT CITY,1.6322E+12,,,,,,,,,,,
82,57,2,227,,6,1400,14TH DISTRICT REPRESENTATIVE IN CONGRESS 2 YEAR TERM (1) POSITION,WAYNE,DETROIT CITY,1.6322E+12,,,,,,,,,,,
82,57,2,228,,6,1400,14TH DISTRICT REPRESENTATIVE IN CONGRESS 2 YEAR TERM (1) POSITION,WAYNE,DETROIT CITY,1.6322E+12,,,,,,,,,,,
82,57,2,229,,6,1400,14TH DISTRICT REPRESENTATIVE IN CONGRESS 2 YEAR TERM (1) POSITION,WAYNE,DETROIT CITY,1.6322E+12,,,,,,,,,,,
82,57,2,230,,6,1400,14TH DISTRICT REPRESENTATIVE IN CONGRESS 2 YEAR TERM (1) POSITION,WAYNE,DETROIT CITY,1.6322E+12,,,,,,,,,,,
82,57,2,231,,6,1400,14TH DISTRICT REPRESENTATIVE IN CONGRESS 2 YEAR TERM (1) POSITION,WAYNE,DETROIT CITY,1.6322E+12,,,,,,,,,,,
82,57,2,232,,6,1400,14TH DISTRICT REPRESENTATIVE IN CONGRESS 2 YEAR TERM (1) POSITION,WAYNE,DETROIT CITY,1.6322E+12,,,,,,,,,,,
82,57,2,233,,6,1400,14TH DISTRICT REPRESENTATIVE IN CONGRESS 2 YEAR TERM (1) POSITION,WAYNE,DETROIT CITY,1.6322E+12,,,,,,,,,,,
82,57,2,234,,6,1400,14TH DISTRICT REPRESENTATIVE IN CONGRESS 2 YEAR TERM (1) POSITION,WAYNE,DETROIT CITY,1.6322E+12,,,,,,,,,,,
82,57,2,235,,6,1400,14TH DISTRICT REPRESENTATIVE IN CONGRESS 2 YEAR TERM (1) POSITION,WAYNE,DETROIT CITY,1.6322E+12,,,,,,,,,,,
82,57,2,236,,6,1400,14TH DISTRICT REPRESENTATIVE IN CONGRESS 2 YEAR TERM (1) POSITION,WAYNE,DETROIT CITY,1.6322E+12,,,,,,,,,,,
82,57,2,237,,6,1400,14TH DISTRICT REPRESENTATIVE IN CONGRESS 2 YEAR TERM (1) POSITION,WAYNE,DETROIT CITY,1.6322E+12,,,,,,,,,,,
82,57,2,238,,6,1400,14TH DISTRICT REPRESENTATIVE IN CONGRESS 2 YEAR TERM (1) POSITION,WAYNE,DETROIT CITY,1.6322E+12,,,,,,,,,,,
82,57,2,239,,6,1400,14TH DISTRICT REPRESENTATIVE IN CONGRESS 2 YEAR TERM (1) POSITION,WAYNE,DETROIT CITY,1.6322E+12,,,,,,,,,,,
82,57,2,240,,6,1400,14TH DISTRICT REPRESENTATIVE IN CONGRESS 2 YEAR TERM (1) POSITION,WAYNE,DETROIT CITY,1.6322E+12,,,,,,,,,,,
82,57,2,241,,6,1400,14TH DISTRICT REPRESENTATIVE IN CONGRESS 2 YEAR TERM (1) POSITION,WAYNE,DETROIT CITY,1.6322E+12,,,,,,,,,,,
82,57,2,242,,6,1400,14TH DISTRICT REPRESENTATIVE IN CONGRESS 2 YEAR TERM (1) POSITION,WAYNE,DETROIT CITY,1.6322E+12,,,,,,,,,,,
82,57,2,243,,6,1400,14TH DISTRICT REPRESENTATIVE IN CONGRESS 2 YEAR TERM (1) POSITION,WAYNE,DETROIT CITY,1.6322E+12,,,,,,,,,,,
82,57,2,244,,6,1400,14TH DISTRICT REPRESENTATIVE IN CONGRESS 2 YEAR TERM (1) POSITION,WAYNE,DETROIT CITY,1.6322E+12,,,,,,,,,,,
82,57,2,245,,6,1400,14TH DISTRICT REPRESENTATIVE IN CONGRESS 2 YEAR TERM (1) POSITION,WAYNE,DETROIT CITY,1.6322E+12,,,,,,,,,,,
82,57,2,246,,6,1400,14TH DISTRICT REPRESENTATIVE IN CONGRESS 2 YEAR TERM (1) POSITION,WAYNE,DETROIT CITY,1.6322E+12,,,,,,,,,,,
82,57,2,247,,6,1400,14TH DISTRICT REPRESENTATIVE IN CONGRESS 2 YEAR TERM (1) POSITION,WAYNE,DETROIT CITY,1.6322E+12,,,,,,,,,,,
82,57,2,248,,6,1400,14TH DISTRICT REPRESENTATIVE IN CONGRESS 2 YEAR TERM (1) POSITION,WAYNE,DETROIT CITY,1.6322E+12,,,,,,,,,,,
82,57,2,249,,6,1400,14TH DISTRICT REPRESENTATIVE IN CONGRESS 2 YEAR TERM (1) POSITION,WAYNE,DETROIT CITY,1.6322E+12,,,,,,,,,,,
82,57,2,250,,6,1400,14TH DISTRICT REPRESENTATIVE IN CONGRESS 2 YEAR TERM (1) POSITION,WAYNE,DETROIT CITY,1.6322E+12,,,,,,,,,,,
82,57,2,255,,6,1400,14TH DISTRICT REPRESENTATIVE IN CONGRESS 2 YEAR TERM (1) POSITION,WAYNE,DETROIT CITY,1.6322E+12,,,,,,,,,,,
82,57,2,256,,6,1400,14TH DISTRICT REPRESENTATIVE IN CONGRESS 2 YEAR TERM (1) POSITION,WAYNE,DETROIT CITY,1.6322E+12,,,,,,,,,,,
82,57,2,257,,6,1400,14TH DISTRICT REPRESENTATIVE IN CONGRESS 2 YEAR TERM (1) POSITION,WAYNE,DETROIT CITY,1.6322E+12,,,,,,,,,,,
82,57,2,258,,6,1400,14TH DISTRICT REPRESENTATIVE IN CONGRESS 2 YEAR TERM (1) POSITION,WAYNE,DETROIT CITY,1.6322E+12,,,,,,,,,,,
82,57,2,259,,6,1400,14TH DISTRICT REPRESENTATIVE IN CONGRESS 2 YEAR TERM (1) POSITION,WAYNE,DETROIT CITY,1.6322E+12,,,,,,,,,,,
82,57,2,260,,6,1400,14TH DISTRICT REPRESENTATIVE IN CONGRESS 2 YEAR TERM (1) POSITION,WAYNE,DETROIT CITY,1.6322E+12,,,,,,,,,,,
82,57,2,288,,6,1300,13TH DISTRICT REPRESENTATIVE IN CONGRESS 2 YEAR TERM (1) POSITION FILES IN WAYNE COUNTY,WAYNE,DETROIT CITY,1.6322E+12,,,,,,,,,,,
82,57,2,289,,6,1300,13TH DISTRICT REPRESENTATIVE IN CONGRESS 2 YEAR TERM (1) POSITION FILES IN WAYNE COUNTY,WAYNE,DETROIT CITY,1.6322E+12,,,,,,,,,,,
82,57,2,290,,6,1300,13TH DISTRICT REPRESENTATIVE IN CONGRESS 2 YEAR TERM (1) POSITION FILES IN WAYNE COUNTY,WAYNE,DETROIT CITY,1.6322E+12,,,,,,,,,,,
82,57,2,291,,6,1300,13TH DISTRICT REPRESENTATIVE IN CONGRESS 2 YEAR TERM (1) POSITION FILES IN WAYNE COUNTY,WAYNE,DETROIT CITY,1.6322E+12,,,,,,,,,,,
82,57,2,292,,6,1300,13TH DISTRICT REPRESENTATIVE IN CONGRESS 2 YEAR TERM (1) POSITION FILES IN WAYNE COUNTY,WAYNE,DETROIT CITY,1.6322E+12,,,,,,,,,,,
82,57,2,293,,6,1300,13TH DISTRICT REPRESENTATIVE IN CONGRESS 2 YEAR TERM (1) POSITION FILES IN WAYNE COUNTY,WAYNE,DETROIT CITY,1.6322E+12,,,,,,,,,,,
82,57,2,294,,6,1300,13TH DISTRICT REPRESENTATIVE IN CONGRESS 2 YEAR TERM (1) POSITION FILES IN WAYNE COUNTY,WAYNE,DETROIT CITY,1.6322E+12,,,,,,,,,,,
82,57,2,295,,6,1300,13TH DISTRICT REPRESENTATIVE IN CONGRESS 2 YEAR TERM (1) POSITION FILES IN WAYNE COUNTY,WAYNE,DETROIT CITY,1.6322E+12,,,,,,,,,,,
82,57,2,296,,6,1300,13TH DISTRICT REPRESENTATIVE IN CONGRESS 2 YEAR TERM (1) POSITION FILES IN WAYNE COUNTY,WAYNE,DETROIT CITY,1.6322E+12,,,,,,,,,,,
82,57,2,313,,6,1300,13TH DISTRICT REPRESENTATIVE IN CONGRESS 2 YEAR TERM (1) POSITION FILES IN WAYNE COUNTY,WAYNE,DETROIT CITY,1.6322E+12,,,,,,,,,,,
82,57,2,314,,6,1300,13TH DISTRICT REPRESENTATIVE IN CONGRESS 2 YEAR TERM (1) POSITION FILES IN WAYNE COUNTY,WAYNE,DETROIT CITY,1.6322E+12,,,,,,,,,,,
82,57,2,380,,6,1400,14TH DISTRICT REPRESENTATIVE IN CONGRESS 2 YEAR TERM (1) POSITION,WAYNE,DETROIT CITY,1.6322E+12,,,,,,,,,,,
82,57,2,381,,6,1400,14TH DISTRICT REPRESENTATIVE IN CONGRESS 2 YEAR TERM (1) POSITION,WAYNE,DETROIT CITY,1.6322E+12,,,,,,,,,,,
82,57,2,382,,6,1400,14TH DISTRICT REPRESENTATIVE IN CONGRESS 2 YEAR TERM (1) POSITION,WAYNE,DETROIT CITY,1.6322E+12,,,,,,,,,,,
82,57,2,383,,6,1400,14TH DISTRICT REPRESENTATIVE IN CONGRESS 2 YEAR TERM (1) POSITION,WAYNE,DETROIT CITY,1.6322E+12,,,,,,,,,,,
82,57,2,384,,6,1400,14TH DISTRICT REPRESENTATIVE IN CONGRESS 2 YEAR TERM (1) POSITION,WAYNE,DETROIT CITY,1.6322E+12,,,,,,,,,,,
82,57,2,385,,6,1400,14TH DISTRICT REPRESENTATIVE IN CONGRESS 2 YEAR TERM (1) POSITION,WAYNE,DETROIT CITY,1.6322E+12,,,,,,,,,,,
82,57,2,386,,6,1400,14TH DISTRICT REPRESENTATIVE IN CONGRESS 2 YEAR TERM (1) POSITION,WAYNE,DETROIT CITY,1.6322E+12,,,,,,,,,,,
82,57,2,387,,6,1400,14TH DISTRICT REPRESENTATIVE IN CONGRESS 2 YEAR TERM (1) POSITION,WAYNE,DETROIT CITY,1.6322E+12,,,,,,,,,,,
82,57,2,388,,6,1400,14TH DISTRICT REPRESENTATIVE IN CONGRESS 2 YEAR TERM (1) POSITION,WAYNE,DETROIT CITY,1.6322E+12,,,,,,,,,,,
82,57,2,389,,6,1400,14TH DISTRICT REPRESENTATIVE IN CONGRESS 2 YEAR TERM (1) POSITION,WAYNE,DETROIT CITY,1.6322E+12,,,,,,,,,,,
82,57,2,391,,6,1400,14TH DISTRICT REPRESENTATIVE IN CONGRESS 2 YEAR TERM (1) POSITION,WAYNE,DETROIT CITY,1.6322E+12,,,,,,,,,,,
82,57,2,392,,6,1400,14TH DISTRICT REPRESENTATIVE IN CONGRESS 2 YEAR TERM (1) POSITION,WAYNE,DETROIT CITY,1.6322E+12,,,,,,,,,,,
82,57,2,403,,6,1400,14TH DISTRICT REPRESENTATIVE IN CONGRESS 2 YEAR TERM (1) POSITION,WAYNE,DETROIT CITY,1.6322E+12,,,,,,,,,,,
82,57,3,61,,6,1400,14TH DISTRICT REPRESENTATIVE IN CONGRESS 2 YEAR TERM (1) POSITION,WAYNE,DETROIT CITY,1.6322E+12,,,,,,,,,,,
82,57,3,62,,6,1400,14TH DISTRICT REPRESENTATIVE IN CONGRESS 2 YEAR TERM (1) POSITION,WAYNE,DETROIT CITY,1.6322E+12,,,,,,,,,,,
82,57,3,63,,6,1400,14TH DISTRICT REPRESENTATIVE IN CONGRESS 2 YEAR TERM (1) POSITION,WAYNE,DETROIT CITY,1.6322E+12,,,,,,,,,,,
82,57,3,64,,6,1400,14TH DISTRICT REPRESENTATIVE IN CONGRESS 2 YEAR TERM (1) POSITION,WAYNE,DETROIT CITY,1.6322E+12,,,,,,,,,,,
82,57,3,65,,6,1400,14TH DISTRICT REPRESENTATIVE IN CONGRESS 2 YEAR TERM (1) POSITION,WAYNE,DETROIT CITY,1.6322E+12,,,,,,,,,,,
82,57,3,66,,6,1400,14TH DISTRICT REPRESENTATIVE IN CONGRESS 2 YEAR TERM (1) POSITION,WAYNE,DETROIT CITY,1.6322E+12,,,,,,,,,,,
82,57,3,67,,6,1400,14TH DISTRICT REPRESENTATIVE IN CONGRESS 2 YEAR TERM (1) POSITION,WAYNE,DETROIT CITY,1.6322E+12,,,,,,,,,,,
82,57,3,68,,6,1400,14TH DISTRICT REPRESENTATIVE IN CONGRESS 2 YEAR TERM (1) POSITION,WAYNE,DETROIT CITY,1.6322E+12,,,,,,,,,,,
82,57,3,69,,6,1400,14TH DISTRICT REPRESENTATIVE IN CONGRESS 2 YEAR TERM (1) POSITION,WAYNE,DETROIT CITY,1.6322E+12,,,,,,,,,,,
82,57,3,70,,6,1400,14TH DISTRICT REPRESENTATIVE IN CONGRESS 2 YEAR TERM (1) POSITION,WAYNE,DETROIT CITY,1.6322E+12,,,,,,,,,,,
82,57,3,71,,6,1400,14TH DISTRICT REPRESENTATIVE IN CONGRESS 2 YEAR TERM (1) POSITION,WAYNE,DETROIT CITY,1.6322E+12,,,,,,,,,,,
82,57,3,72,,6,1400,14TH DISTRICT REPRESENTATIVE IN CONGRESS 2 YEAR TERM (1) POSITION,WAYNE,DETROIT CITY,1.6322E+12,,,,,,,,,,,
82,57,3,73,,6,1400,14TH DISTRICT REPRESENTATIVE IN CONGRESS 2 YEAR TERM (1) POSITION,WAYNE,DETROIT CITY,1.6322E+12,,,,,,,,,,,
82,57,3,74,,6,1400,14TH DISTRICT REPRESENTATIVE IN CONGRESS 2 YEAR TERM (1) POSITION,WAYNE,DETROIT CITY,1.6322E+12,,,,,,,,,,,
82,57,3,75,,6,1400,14TH DISTRICT REPRESENTATIVE IN CONGRESS 2 YEAR TERM (1) POSITION,WAYNE,DETROIT CITY,1.6322E+12,,,,,,,,,,,
82,57,3,77,,6,1400,14TH DISTRICT REPRESENTATIVE IN CONGRESS 2 YEAR TERM (1) POSITION,WAYNE,DETROIT CITY,1.6322E+12,,,,,,,,,,,
82,57,3,78,,6,1400,14TH DISTRICT REPRESENTATIVE IN CONGRESS 2 YEAR TERM (1) POSITION,WAYNE,DETROIT CITY,1.6322E+12,,,,,,,,,,,
82,57,3,79,,6,1400,14TH DISTRICT REPRESENTATIVE IN CONGRESS 2 YEAR TERM (1) POSITION,WAYNE,DETROIT CITY,1.6322E+12,,,,,,,,,,,
82,57,3,80,,6,1400,14TH DISTRICT REPRESENTATIVE IN CONGRESS 2 YEAR TERM (1) POSITION,WAYNE,DETROIT CITY,1.6322E+12,,,,,,,,,,,
82,57,3,81,,6,1400,14TH DISTRICT REPRESENTATIVE IN CONGRESS 2 YEAR TERM (1) POSITION,WAYNE,DETROIT CITY,1.6322E+12,,,,,,,,,,,
82,57,3,82,,6,1400,14TH DISTRICT REPRESENTATIVE IN CONGRESS 2 YEAR TERM (1) POSITION,WAYNE,DETROIT CITY,1.6322E+12,,,,,,,,,,,
82,57,3,83,,6,1400,14TH DISTRICT REPRESENTATIVE IN CONGRESS 2 YEAR TERM (1) POSITION,WAYNE,DETROIT CITY,1.6322E+12,,,,,,,,,,,
82,57,3,84,,6,1400,14TH DISTRICT REPRESENTATIVE IN CONGRESS 2 YEAR TERM (1) POSITION,WAYNE,DETROIT CITY,1.6322E+12,,,,,,,,,,,
82,57,3,85,,6,1400,14TH DISTRICT REPRESENTATIVE IN CONGRESS 2 YEAR TERM (1) POSITION,WAYNE,DETROIT CITY,1.6322E+12,,,,,,,,,,,
82,57,3,86,,6,1400,14TH DISTRICT REPRESENTATIVE IN CONGRESS 2 YEAR TERM (1) POSITION,WAYNE,DETROIT CITY,1.6322E+12,,,,,,,,,,,
82,57,3,87,,6,1400,14TH DISTRICT REPRESENTATIVE IN CONGRESS 2 YEAR TERM (1) POSITION,WAYNE,DETROIT CITY,1.6322E+12,,,,,,,,,,,
82,57,3,88,,6,1400,14TH DISTRICT REPRESENTATIVE IN CONGRESS 2 YEAR TERM (1) POSITION,WAYNE,DETROIT CITY,1.6322E+12,,,,,,,,,,,
82,57,3,89,,6,1400,14TH DISTRICT REPRESENTATIVE IN CONGRESS 2 YEAR TERM (1) POSITION,WAYNE,DETROIT CITY,1.6322E+12,,,,,,,,,,,
82,57,3,91,,6,1400,14TH DISTRICT REPRESENTATIVE IN CONGRESS 2 YEAR TERM (1) POSITION,WAYNE,DETROIT CITY,1.6322E+12,,,,,,,,,,,
82,57,3,92,,6,1400,14TH DISTRICT REPRESENTATIVE IN CONGRESS 2 YEAR TERM (1) POSITION,WAYNE,DETROIT CITY,1.6322E+12,,,,,,,,,,,
82,57,3,93,,6,1400,14TH DISTRICT REPRESENTATIVE IN CONGRESS 2 YEAR TERM (1) POSITION,WAYNE,DETROIT CITY,1.6322E+12,,,,,,,,,,,
82,57,3,94,,6,1400,14TH DISTRICT REPRESENTATIVE IN CONGRESS 2 YEAR TERM (1) POSITION,WAYNE,DETROIT CITY,1.6322E+12,,,,,,,,,,,
82,57,3,95,,6,1400,14TH DISTRICT REPRESENTATIVE IN CONGRESS 2 YEAR TERM (1) POSITION,WAYNE,DETROIT CITY,1.6322E+12,,,,,,,,,,,
82,57,3,96,,6,1400,14TH DISTRICT REPRESENTATIVE IN CONGRESS 2 YEAR TERM (1) POSITION,WAYNE,DETROIT CITY,1.6322E+12,,,,,,,,,,,
82,57,3,97,,6,1300,13TH DISTRICT REPRESENTATIVE IN CONGRESS 2 YEAR TERM (1) POSITION FILES IN WAYNE COUNTY,WAYNE,DETROIT CITY,1.6322E+12,,,,,,,,,,,
82,57,3,100,,6,1300,13TH DISTRICT REPRESENTATIVE IN CONGRESS 2 YEAR TERM (1) POSITION FILES IN WAYNE COUNTY,WAYNE,DETROIT CITY,1.6322E+12,,,,,,,,,,,
82,57,3,101,,6,1300,13TH DISTRICT REPRESENTATIVE IN CONGRESS 2 YEAR TERM (1) POSITION FILES IN WAYNE COUNTY,WAYNE,DETROIT CITY,1.6322E+12,,,,,,,,,,,
82,57,3,102,,6,1300,13TH DISTRICT REPRESENTATIVE IN CONGRESS 2 YEAR TERM (1) POSITION FILES IN WAYNE COUNTY,WAYNE,DETROIT CITY,1.6322E+12,,,,,,,,,,,
82,57,3,107,,6,1400,14TH DISTRICT REPRESENTATIVE IN CONGRESS 2 YEAR TERM (1) POSITION,WAYNE,DETROIT CITY,1.6322E+12,,,,,,,,,,,
82,57,3,108,,6,1300,13TH DISTRICT REPRESENTATIVE IN CONGRESS 2 YEAR TERM (1) POSITION FILES IN WAYNE COUNTY,WAYNE,DETROIT CITY,1.6322E+12,,,,,,,,,,,
82,57,3,172,,6,1400,14TH DISTRICT REPRESENTATIVE IN CONGRESS 2 YEAR TERM (1) POSITION,WAYNE,DETROIT CITY,1.6322E+12,,,,,,,,,,,
82,57,3,173,,6,1400,14TH DISTRICT REPRESENTATIVE IN CONGRESS 2 YEAR TERM (1) POSITION,WAYNE,DETROIT CITY,1.6322E+12,,,,,,,,,,,
82,57,3,174,,6,1400,14TH DISTRICT REPRESENTATIVE IN CONGRESS 2 YEAR TERM (1) POSITION,WAYNE,DETROIT CITY,1.6322E+12,,,,,,,,,,,
82,57,3,175,,6,1400,14TH DISTRICT REPRESENTATIVE IN CONGRESS 2 YEAR TERM (1) POSITION,WAYNE,DETROIT CITY,1.6322E+12,,,,,,,,,,,
82,57,3,176,,6,1400,14TH DISTRICT REPRESENTATIVE IN CONGRESS 2 YEAR TERM (1) POSITION,WAYNE,DETROIT CITY,1.6322E+12,,,,,,,,,,,
82,57,3,177,,6,1400,14TH DISTRICT REPRESENTATIVE IN CONGRESS 2 YEAR TERM (1) POSITION,WAYNE,DETROIT CITY,1.6322E+12,,,,,,,,,,,
82,57,3,178,,6,1400,14TH DISTRICT REPRESENTATIVE IN CONGRESS 2 YEAR TERM (1) POSITION,WAYNE,DETROIT CITY,1.6322E+12,,,,,,,,,,,
82,57,3,179,,6,1400,14TH DISTRICT REPRESENTATIVE IN CONGRESS 2 YEAR TERM (1) POSITION,WAYNE,DETROIT CITY,1.6322E+12,,,,,,,,,,,
82,57,3,180,,6,1400,14TH DISTRICT REPRESENTATIVE IN CONGRESS 2 YEAR TERM (1) POSITION,WAYNE,DETROIT CITY,1.6322E+12,,,,,,,,,,,
82,57,3,181,,6,1400,14TH DISTRICT REPRESENTATIVE IN CONGRESS 2 YEAR TERM (1) POSITION,WAYNE,DETROIT CITY,1.6322E+12,,,,,,,,,,,
82,57,3,182,,6,1400,14TH DISTRICT REPRESENTATIVE IN CONGRESS 2 YEAR TERM (1) POSITION,WAYNE,DETROIT CITY,1.6322E+12,,,,,,,,,,,
82,57,3,183,,6,1400,14TH DISTRICT REPRESENTATIVE IN CONGRESS 2 YEAR TERM (1) POSITION,WAYNE,DETROIT CITY,1.6322E+12,,,,,,,,,,,
82,57,3,184,,6,1400,14TH DISTRICT REPRESENTATIVE IN CONGRESS 2 YEAR TERM (1) POSITION,WAYNE,DETROIT CITY,1.6322E+12,,,,,,,,,,,
82,57,3,185,,6,1400,14TH DISTRICT REPRESENTATIVE IN CONGRESS 2 YEAR TERM (1) POSITION,WAYNE,DETROIT CITY,1.6322E+12,,,,,,,,,,,
82,57,3,186,,6,1400,14TH DISTRICT REPRESENTATIVE IN CONGRESS 2 YEAR TERM (1) POSITION,WAYNE,DETROIT CITY,1.6322E+12,,,,,,,,,,,
82,57,3,187,,6,1400,14TH DISTRICT REPRESENTATIVE IN CONGRESS 2 YEAR TERM (1) POSITION,WAYNE,DETROIT CITY,1.6322E+12,,,,,,,,,,,
82,57,3,188,,6,1400,14TH DISTRICT REPRESENTATIVE IN CONGRESS 2 YEAR TERM (1) POSITION,WAYNE,DETROIT CITY,1.6322E+12,,,,,,,,,,,
82,57,3,189,,6,1400,14TH DISTRICT REPRESENTATIVE IN CONGRESS 2 YEAR TERM (1) POSITION,WAYNE,DETROIT CITY,1.6322E+12,,,,,,,,,,,
82,57,3,190,,6,1400,14TH DISTRICT REPRESENTATIVE IN CONGRESS 2 YEAR TERM (1) POSITION,WAYNE,DETROIT CITY,1.6322E+12,,,,,,,,,,,
82,57,3,191,,6,1400,14TH DISTRICT REPRESENTATIVE IN CONGRESS 2 YEAR TERM (1) POSITION,WAYNE,DETROIT CITY,1.6322E+12,,,,,,,,,,,
82,57,3,192,,6,1400,14TH DISTRICT REPRESENTATIVE IN CONGRESS 2 YEAR TERM (1) POSITION,WAYNE,DETROIT CITY,1.6322E+12,,,,,,,,,,,
82,57,3,193,,6,1400,14TH DISTRICT REPRESENTATIVE IN CONGRESS 2 YEAR TERM (1) POSITION,WAYNE,DETROIT CITY,1.6322E+12,,,,,,,,,,,
82,57,3,194,,6,1400,14TH DISTRICT REPRESENTATIVE IN CONGRESS 2 YEAR TERM (1) POSITION,WAYNE,DETROIT CITY,1.6322E+12,,,,,,,,,,,
82,57,3,195,,6,1400,14TH DISTRICT REPRESENTATIVE IN CONGRESS 2 YEAR TERM (1) POSITION,WAYNE,DETROIT CITY,1.6322E+12,,,,,,,,,,,
82,57,3,196,,6,1400,14TH DISTRICT REPRESENTATIVE IN CONGRESS 2 YEAR TERM (1) POSITION,WAYNE,DETROIT CITY,1.6322E+12,,,,,,,,,,,
82,57,3,197,,6,1400,14TH DISTRICT REPRESENTATIVE IN CONGRESS 2 YEAR TERM (1) POSITION,WAYNE,DETROIT CITY,1.6322E+12,,,,,,,,,,,
82,57,3,492,,6,1400,14TH DISTRICT REPRESENTATIVE IN CONGRESS 2 YEAR TERM (1) POSITION,WAYNE,DETROIT CITY,1.6322E+12,,,,,,,,,,,
82,57,3,503,,6,1400,14TH DISTRICT REPRESENTATIVE IN CONGRESS 2 YEAR TERM (1) POSITION,WAYNE,DETROIT CITY,1.6322E+12,,,,,,,,,,,
82,57,4,4,,6,1400,14TH DISTRICT REPRESENTATIVE IN CONGRESS 2 YEAR TERM (1) POSITION,WAYNE,DETROIT CITY,1.6322E+12,,,,,,,,,,,
82,57,4,5,,6,1400,14TH DISTRICT REPRESENTATIVE IN CONGRESS 2 YEAR TERM (1) POSITION,WAYNE,DETROIT CITY,1.6322E+12,,,,,,,,,,,
82,57,4,6,,6,1400,14TH DISTRICT REPRESENTATIVE IN CONGRESS 2 YEAR TERM (1) POSITION,WAYNE,DETROIT CITY,1.6322E+12,,,,,,,,,,,
82,57,4,7,,6,1400,14TH DISTRICT REPRESENTATIVE IN CONGRESS 2 YEAR TERM (1) POSITION,WAYNE,DETROIT CITY,1.6322E+12,,,,,,,,,,,
82,57,4,8,,6,1400,14TH DISTRICT REPRESENTATIVE IN CONGRESS 2 YEAR TERM (1) POSITION,WAYNE,DETROIT CITY,1.6322E+12,,,,,,,,,,,
82,57,4,9,,6,1400,14TH DISTRICT REPRESENTATIVE IN CONGRESS 2 YEAR TERM (1) POSITION,WAYNE,DETROIT CITY,1.6322E+12,,,,,,,,,,,
82,57,4,10,,6,1300,13TH DISTRICT REPRESENTATIVE IN CONGRESS 2 YEAR TERM (1) POSITION FILES IN WAYNE COUNTY,WAYNE,DETROIT CITY,1.6322E+12,,,,,,,,,,,
82,57,4,11,,6,1400,14TH DISTRICT REPRESENTATIVE IN CONGRESS 2 YEAR TERM (1) POSITION,WAYNE,DETROIT CITY,1.6322E+12,,,,,,,,,,,
82,57,4,12,,6,1400,14TH DISTRICT REPRESENTATIVE IN CONGRESS 2 YEAR TERM (1) POSITION,WAYNE,DETROIT CITY,1.6322E+12,,,,,,,,,,,
82,57,4,13,,6,1400,14TH DISTRICT REPRESENTATIVE IN CONGRESS 2 YEAR TERM (1) POSITION,WAYNE,DETROIT CITY,1.6322E+12,,,,,,,,,,,
82,57,4,14,,6,1400,14TH DISTRICT REPRESENTATIVE IN CONGRESS 2 YEAR TERM (1) POSITION,WAYNE,DETROIT CITY,1.6322E+12,,,,,,,,,,,
82,57,4,15,,6,1400,14TH DISTRICT REPRESENTATIVE IN CONGRESS 2 YEAR TERM (1) POSITION,WAYNE,DETROIT CITY,1.6322E+12,,,,,,,,,,,
82,57,4,16,,6,1400,14TH DISTRICT REPRESENTATIVE IN CONGRESS 2 YEAR TERM (1) POSITION,WAYNE,DETROIT CITY,1.6322E+12,,,,,,,,,,,
82,57,4,17,,6,1400,14TH DISTRICT REPRESENTATIVE IN CONGRESS 2 YEAR TERM (1) POSITION,WAYNE,DETROIT CITY,1.6322E+12,,,,,,,,,,,
82,57,4,18,,6,1400,14TH DISTRICT REPRESENTATIVE IN CONGRESS 2 YEAR TERM (1) POSITION,WAYNE,DETROIT CITY,1.6322E+12,,,,,,,,,,,
82,57,4,19,,6,1400,14TH DISTRICT REPRESENTATIVE IN CONGRESS 2 YEAR TERM (1) POSITION,WAYNE,DETROIT CITY,1.6322E+12,,,,,,,,,,,
82,57,4,20,,6,1400,14TH DISTRICT REPRESENTATIVE IN CONGRESS 2 YEAR TERM (1) POSITION,WAYNE,DETROIT CITY,1.6322E+12,,,,,,,,,,,
82,57,4,21,,6,1400,14TH DISTRICT REPRESENTATIVE IN CONGRESS 2 YEAR TERM (1) POSITION,WAYNE,DETROIT CITY,1.6322E+12,,,,,,,,,,,
82,57,4,22,,6,1400,14TH DISTRICT REPRESENTATIVE IN CONGRESS 2 YEAR TERM (1) POSITION,WAYNE,DETROIT CITY,1.6322E+12,,,,,,,,,,,
82,57,4,23,,6,1400,14TH DISTRICT REPRESENTATIVE IN CONGRESS 2 YEAR TERM (1) POSITION,WAYNE,DETROIT CITY,1.6322E+12,,,,,,,,,,,
82,57,4,24,,6,1400,14TH DISTRICT REPRESENTATIVE IN CONGRESS 2 YEAR TERM (1) POSITION,WAYNE,DETROIT CITY,1.6322E+12,,,,,,,,,,,
82,57,4,25,,6,1400,14TH DISTRICT REPRESENTATIVE IN CONGRESS 2 YEAR TERM (1) POSITION,WAYNE,DETROIT CITY,1.6322E+12,,,,,,,,,,,
82,57,4,26,,6,1400,14TH DISTRICT REPRESENTATIVE IN CONGRESS 2 YEAR TERM (1) POSITION,WAYNE,DETROIT CITY,1.6322E+12,,,,,,,,,,,
82,57,4,27,,6,1400,14TH DISTRICT REPRESENTATIVE IN CONGRESS 2 YEAR TERM (1) POSITION,WAYNE,DETROIT CITY,1.6322E+12,,,,,,,,,,,
82,57,4,28,,6,1300,13TH DISTRICT REPRESENTATIVE IN CONGRESS 2 YEAR TERM (1) POSITION FILES IN WAYNE COUNTY,WAYNE,DETROIT CITY,1.6322E+12,,,,,,,,,,,
82,57,4,29,,6,1400,14TH DISTRICT REPRESENTATIVE IN CONGRESS 2 YEAR TERM (1) POSITION,WAYNE,DETROIT CITY,1.6322E+12,,,,,,,,,,,
82,57,4,30,,6,1400,14TH DISTRICT REPRESENTATIVE IN CONGRESS 2 YEAR TERM (1) POSITION,WAYNE,DETROIT CITY,1.6322E+12,,,,,,,,,,,
82,57,4,31,,6,1400,14TH DISTRICT REPRESENTATIVE IN CONGRESS 2 YEAR TERM (1) POSITION,WAYNE,DETROIT CITY,1.6322E+12,,,,,,,,,,,
82,57,4,32,,6,1400,14TH DISTRICT REPRESENTATIVE IN CONGRESS 2 YEAR TERM (1) POSITION,WAYNE,DETROIT CITY,1.6322E+12,,,,,,,,,,,
82,57,4,33,,6,1400,14TH DISTRICT REPRESENTATIVE IN CONGRESS 2 YEAR TERM (1) POSITION,WAYNE,DETROIT CITY,1.6322E+12,,,,,,,,,,,
82,57,4,34,,6,1400,14TH DISTRICT REPRESENTATIVE IN CONGRESS 2 YEAR TERM (1) POSITION,WAYNE,DETROIT CITY,1.6322E+12,,,,,,,,,,,
82,57,4,35,,6,1400,14TH DISTRICT REPRESENTATIVE IN CONGRESS 2 YEAR TERM (1) POSITION,WAYNE,DETROIT CITY,1.6322E+12,,,,,,,,,,,
82,57,4,36,,6,1300,13TH DISTRICT REPRESENTATIVE IN CONGRESS 2 YEAR TERM (1) POSITION FILES IN WAYNE COUNTY,WAYNE,DETROIT CITY,1.6322E+12,,,,,,,,,,,
82,57,4,37,,6,1400,14TH DISTRICT REPRESENTATIVE IN CONGRESS 2 YEAR TERM (1) POSITION,WAYNE,DETROIT CITY,1.6322E+12,,,,,,,,,,,
82,57,4,38,,6,1400,14TH DISTRICT REPRESENTATIVE IN CONGRESS 2 YEAR TERM (1) POSITION,WAYNE,DETROIT CITY,1.6322E+12,,,,,,,,,,,
82,57,4,39,,6,1400,14TH DISTRICT REPRESENTATIVE IN CONGRESS 2 YEAR TERM (1) POSITION,WAYNE,DETROIT CITY,1.6322E+12,,,,,,,,,,,
82,57,4,40,,6,1400,14TH DISTRICT REPRESENTATIVE IN CONGRESS 2 YEAR TERM (1) POSITION,WAYNE,DETROIT CITY,1.6322E+12,,,,,,,,,,,
82,57,4,41,,6,1400,14TH DISTRICT REPRESENTATIVE IN CONGRESS 2 YEAR TERM (1) POSITION,WAYNE,DETROIT CITY,1.6322E+12,,,,,,,,,,,
82,57,4,42,,6,1400,14TH DISTRICT REPRESENTATIVE IN CONGRESS 2 YEAR TERM (1) POSITION,WAYNE,DETROIT CITY,1.6322E+12,,,,,,,,,,,
82,57,4,43,,6,1400,14TH DISTRICT REPRESENTATIVE IN CONGRESS 2 YEAR TERM (1) POSITION,WAYNE,DETROIT CITY,1.6322E+12,,,,,,,,,,,
82,57,4,44,,6,1400,14TH DISTRICT REPRESENTATIVE IN CONGRESS 2 YEAR TERM (1) POSITION,WAYNE,DETROIT CITY,1.6322E+12,,,,,,,,,,,
82,57,4,45,,6,1400,14TH DISTRICT REPRESENTATIVE IN CONGRESS 2 YEAR TERM (1) POSITION,WAYNE,DETROIT CITY,1.6322E+12,,,,,,,,,,,
82,57,4,46,,6,1400,14TH DISTRICT REPRESENTATIVE IN CONGRESS 2 YEAR TERM (1) POSITION,WAYNE,DETROIT CITY,1.6322E+12,,,,,,,,,,,
82,57,4,47,,6,1400,14TH DISTRICT REPRESENTATIVE IN CONGRESS 2 YEAR TERM (1) POSITION,WAYNE,DETROIT CITY,1.6322E+12,,,,,,,,,,,
82,57,4,48,,6,1400,14TH DISTRICT REPRESENTATIVE IN CONGRESS 2 YEAR TERM (1) POSITION,WAYNE,DETROIT CITY,1.6322E+12,,,,,,,,,,,
82,57,4,49,,6,1400,14TH DISTRICT REPRESENTATIVE IN CONGRESS 2 YEAR TERM (1) POSITION,WAYNE,DETROIT CITY,1.6322E+12,,,,,,,,,,,
82,57,4,50,,6,1400,14TH DISTRICT REPRESENTATIVE IN CONGRESS 2 YEAR TERM (1) POSITION,WAYNE,DETROIT CITY,1.6322E+12,,,,,,,,,,,
82,57,4,51,,6,1400,14TH DISTRICT REPRESENTATIVE IN CONGRESS 2 YEAR TERM (1) POSITION,WAYNE,DETROIT CITY,1.6322E+12,,,,,,,,,,,
82,57,4,52,,6,1400,14TH DISTRICT REPRESENTATIVE IN CONGRESS 2 YEAR TERM (1) POSITION,WAYNE,DETROIT CITY,1.6322E+12,,,,,,,,,,,
82,57,4,53,,6,1400,14TH DISTRICT REPRESENTATIVE IN CONGRESS 2 YEAR TERM (1) POSITION,WAYNE,DETROIT CITY,1.6322E+12,,,,,,,,,,,
82,57,4,54,,6,1400,14TH DISTRICT REPRESENTATIVE IN CONGRESS 2 YEAR TERM (1) POSITION,WAYNE,DETROIT CITY,1.6322E+12,,,,,,,,,,,
82,57,4,55,,6,1400,14TH DISTRICT REPRESENTATIVE IN CONGRESS 2 YEAR TERM (1) POSITION,WAYNE,DETROIT CITY,1.6322E+12,,,,,,,,,,,
82,57,4,56,,6,1300,13TH DISTRICT REPRESENTATIVE IN CONGRESS 2 YEAR TERM (1) POSITION FILES IN WAYNE COUNTY,WAYNE,DETROIT CITY,1.6322E+12,,,,,,,,,,,
82,57,4,57,,6,1400,14TH DISTRICT REPRESENTATIVE IN CONGRESS 2 YEAR TERM (1) POSITION,WAYNE,DETROIT CITY,1.6322E+12,,,,,,,,,,,
82,57,4,58,,6,1400,14TH DISTRICT REPRESENTATIVE IN CONGRESS 2 YEAR TERM (1) POSITION,WAYNE,DETROIT CITY,1.6322E+12,,,,,,,,,,,
82,57,4,59,,6,1400,14TH DISTRICT REPRESENTATIVE IN CONGRESS 2 YEAR TERM (1) POSITION,WAYNE,DETROIT CITY,1.6322E+12,,,,,,,,,,,
82,57,4,60,,6,1400,14TH DISTRICT REPRESENTATIVE IN CONGRESS 2 YEAR TERM (1) POSITION,WAYNE,DETROIT CITY,1.6322E+12,,,,,,,,,,,
82,57,4,76,,6,1400,14TH DISTRICT REPRESENTATIVE IN CONGRESS 2 YEAR TERM (1) POSITION,WAYNE,DETROIT CITY,1.6322E+12,,,,,,,,,,,
82,57,4,103,,6,1400,14TH DISTRICT REPRESENTATIVE IN CONGRESS 2 YEAR TERM (1) POSITION,WAYNE,DETROIT CITY,1.6322E+12,,,,,,,,,,,
82,57,4,104,,6,1400,14TH DISTRICT REPRESENTATIVE IN CONGRESS 2 YEAR TERM (1) POSITION,WAYNE,DETROIT CITY,1.6322E+12,,,,,,,,,,,
82,57,4,105,,6,1400,14TH DISTRICT REPRESENTATIVE IN CONGRESS 2 YEAR TERM (1) POSITION,WAYNE,DETROIT CITY,1.6322E+12,,,,,,,,,,,
82,57,4,106,,6,1400,14TH DISTRICT REPRESENTATIVE IN CONGRESS 2 YEAR TERM (1) POSITION,WAYNE,DETROIT CITY,1.6322E+12,,,,,,,,,,,
82,57,4,110,,6,1300,13TH DISTRICT REPRESENTATIVE IN CONGRESS 2 YEAR TERM (1) POSITION FILES IN WAYNE COUNTY,WAYNE,DETROIT CITY,1.6322E+12,,,,,,,,,,,
82,57,4,111,,6,1300,13TH DISTRICT REPRESENTATIVE IN CONGRESS 2 YEAR TERM (1) POSITION FILES IN WAYNE COUNTY,WAYNE,DETROIT CITY,1.6322E+12,,,,,,,,,,,
82,57,4,112,,6,1300,13TH DISTRICT REPRESENTATIVE IN CONGRESS 2 YEAR TERM (1) POSITION FILES IN WAYNE COUNTY,WAYNE,DETROIT CITY,1.6322E+12,,,,,,,,,,,
82,57,4,113,,6,1300,13TH DISTRICT REPRESENTATIVE IN CONGRESS 2 YEAR TERM (1) POSITION FILES IN WAYNE COUNTY,WAYNE,DETROIT CITY,1.6322E+12,,,,,,,,,,,
82,57,4,114,,6,1300,13TH DISTRICT REPRESENTATIVE IN CONGRESS 2 YEAR TERM (1) POSITION FILES IN WAYNE COUNTY,WAYNE,DETROIT CITY,1.6322E+12,,,,,,,,,,,
82,57,4,491,,6,1400,14TH DISTRICT REPRESENTATIVE IN CONGRESS 2 YEAR TERM (1) POSITION,WAYNE,DETROIT CITY,1.6322E+12,,,,,,,,,,,
82,57,4,499,,6,1400,14TH DISTRICT REPRESENTATIVE IN CONGRESS 2 YEAR TERM (1) POSITION,WAYNE,DETROIT CITY,1.6322E+12,,,,,,,,,,,
82,57,4,502,,6,1400,14TH DISTRICT REPRESENTATIVE IN CONGRESS 2 YEAR TERM (1) POSITION,WAYNE,DETROIT CITY,1.6322E+12,,,,,,,,,,,
82,57,5,1,,6,1400,14TH DISTRICT REPRESENTATIVE IN CONGRESS 2 YEAR TERM (1) POSITION,WAYNE,DETROIT CITY,1.6322E+12,,,,,,,,,,,
82,57,5,2,,6,1400,14TH DISTRICT REPRESENTATIVE IN CONGRESS 2 YEAR TERM (1) POSITION,WAYNE,DETROIT CITY,1.6322E+12,,,,,,,,,,,
82,57,5,3,,6,1400,14TH DISTRICT REPRESENTATIVE IN CONGRESS 2 YEAR TERM (1) POSITION,WAYNE,DETROIT CITY,1.6322E+12,,,,,,,,,,,
82,57,5,98,,6,1300,13TH DISTRICT REPRESENTATIVE IN CONGRESS 2 YEAR TERM (1) POSITION FILES IN WAYNE COUNTY,WAYNE,DETROIT CITY,1.6322E+12,,,,,,,,,,,
82,57,5,99,,6,1300,13TH DISTRICT REPRESENTATIVE IN CONGRESS 2 YEAR TERM (1) POSITION FILES IN WAYNE COUNTY,WAYNE,DETROIT CITY,1.6322E+12,,,,,,,,,,,
82,57,5,115,,6,1300,13TH DISTRICT REPRESENTATIVE IN CONGRESS 2 YEAR TERM (1) POSITION FILES IN WAYNE COUNTY,WAYNE,DETROIT CITY,1.6322E+12,,,,,,,,,,,
82,57,5,116,,6,1300,13TH DISTRICT REPRESENTATIVE IN CONGRESS 2 YEAR TERM (1) POSITION FILES IN WAYNE COUNTY,WAYNE,DETROIT CITY,1.6322E+12,,,,,,,,,,,
82,57,5,117,,6,1300,13TH DISTRICT REPRESENTATIVE IN CONGRESS 2 YEAR TERM (1) POSITION FILES IN WAYNE COUNTY,WAYNE,DETROIT CITY,1.6322E+12,,,,,,,,,,,
82,57,5,118,,6,1300,13TH DISTRICT REPRESENTATIVE IN CONGRESS 2 YEAR TERM (1) POSITION FILES IN WAYNE COUNTY,WAYNE,DETROIT CITY,1.6322E+12,,,,,,,,,,,
82,57,5,119,,6,1300,13TH DISTRICT REPRESENTATIVE IN CONGRESS 2 YEAR TERM (1) POSITION FILES IN WAYNE COUNTY,WAYNE,DETROIT CITY,1.6322E+12,,,,,,,,,,,
82,57,5,120,,6,1300,13TH DISTRICT REPRESENTATIVE IN CONGRESS 2 YEAR TERM (1) POSITION FILES IN WAYNE COUNTY,WAYNE,DETROIT CITY,1.6322E+12,,,,,,,,,,,
82,57,5,121,,6,1300,13TH DISTRICT REPRESENTATIVE IN CONGRESS 2 YEAR TERM (1) POSITION FILES IN WAYNE COUNTY,WAYNE,DETROIT CITY,1.6322E+12,,,,,,,,,,,
82,57,5,122,,6,1300,13TH DISTRICT REPRESENTATIVE IN CONGRESS 2 YEAR TERM (1) POSITION FILES IN WAYNE COUNTY,WAYNE,DETROIT CITY,1.6322E+12,,,,,,,,,,,
82,57,5,123,,6,1400,14TH DISTRICT REPRESENTATIVE IN CONGRESS 2 YEAR TERM (1) POSITION,WAYNE,DETROIT CITY,1.6322E+12,,,,,,,,,,,
82,57,5,124,,6,1400,14TH DISTRICT REPRESENTATIVE IN CONGRESS 2 YEAR TERM (1) POSITION,WAYNE,DETROIT CITY,1.6322E+12,,,,,,,,,,,
82,57,5,125,,6,1400,14TH DISTRICT REPRESENTATIVE IN CONGRESS 2 YEAR TERM (1) POSITION,WAYNE,DETROIT CITY,1.6322E+12,,,,,,,,,,,
82,57,5,126,,6,1400,14TH DISTRICT REPRESENTATIVE IN CONGRESS 2 YEAR TERM (1) POSITION,WAYNE,DETROIT CITY,1.6322E+12,,,,,,,,,,,
82,57,5,127,,6,1400,14TH DISTRICT REPRESENTATIVE IN CONGRESS 2 YEAR TERM (1) POSITION,WAYNE,DETROIT CITY,1.6322E+12,,,,,,,,,,,
82,57,5,128,,6,1400,14TH DISTRICT REPRESENTATIVE IN CONGRESS 2 YEAR TERM (1) POSITION,WAYNE,DETROIT CITY,1.6322E+12,,,,,,,,,,,
82,57,5,129,,6,1400,14TH DISTRICT REPRESENTATIVE IN CONGRESS 2 YEAR TERM (1) POSITION,WAYNE,DETROIT CITY,1.6322E+12,,,,,,,,,,,
82,57,5,130,,6,1400,14TH DISTRICT REPRESENTATIVE IN CONGRESS 2 YEAR TERM (1) POSITION,WAYNE,DETROIT CITY,1.6322E+12,,,,,,,,,,,
82,57,5,131,,6,1400,14TH DISTRICT REPRESENTATIVE IN CONGRESS 2 YEAR TERM (1) POSITION,WAYNE,DETROIT CITY,1.6322E+12,,,,,,,,,,,
82,57,5,132,,6,1400,14TH DISTRICT REPRESENTATIVE IN CONGRESS 2 YEAR TERM (1) POSITION,WAYNE,DETROIT CITY,1.6322E+12,,,,,,,,,,,
82,57,5,133,,6,1400,14TH DISTRICT REPRESENTATIVE IN CONGRESS 2 YEAR TERM (1) POSITION,WAYNE,DETROIT CITY,1.6322E+12,,,,,,,,,,,
82,57,5,134,,6,1400,14TH DISTRICT REPRESENTATIVE IN CONGRESS 2 YEAR TERM (1) POSITION,WAYNE,DETROIT CITY,1.6322E+12,,,,,,,,,,,
82,57,5,135,,6,1400,14TH DISTRICT REPRESENTATIVE IN CONGRESS 2 YEAR TERM (1) POSITION,WAYNE,DETROIT CITY,1.6322E+12,,,,,,,,,,,
82,57,5,136,,6,1300,13TH DISTRICT REPRESENTATIVE IN CONGRESS 2 YEAR TERM (1) POSITION FILES IN WAYNE COUNTY,WAYNE,DETROIT CITY,1.6322E+12,,,,,,,,,,,
82,57,5,137,,6,1300,13TH DISTRICT REPRESENTATIVE IN CONGRESS 2 YEAR TERM (1) POSITION FILES IN WAYNE COUNTY,WAYNE,DETROIT CITY,1.6322E+12,,,,,,,,,,,
82,57,5,138,,6,1300,13TH DISTRICT REPRESENTATIVE IN CONGRESS 2 YEAR TERM (1) POSITION FILES IN WAYNE COUNTY,WAYNE,DETROIT CITY,1.6322E+12,,,,,,,,,,,
82,57,5,139,,6,1300,13TH DISTRICT REPRESENTATIVE IN CONGRESS 2 YEAR TERM (1) POSITION FILES IN WAYNE COUNTY,WAYNE,DETROIT CITY,1.6322E+12,,,,,,,,,,,
82,57,5,140,,6,1300,13TH DISTRICT REPRESENTATIVE IN CONGRESS 2 YEAR TERM (1) POSITION FILES IN WAYNE COUNTY,WAYNE,DETROIT CITY,1.6322E+12,,,,,,,,,,,
82,57,5,141,,6,1300,13TH DISTRICT REPRESENTATIVE IN CONGRESS 2 YEAR TERM (1) POSITION FILES IN WAYNE COUNTY,WAYNE,DETROIT CITY,1.6322E+12,,,,,,,,,,,
82,57,5,142,,6,1300,13TH DISTRICT REPRESENTATIVE IN CONGRESS 2 YEAR TERM (1) POSITION FILES IN WAYNE COUNTY,WAYNE,DETROIT CITY,1.6322E+12,,,,,,,,,,,
82,57,5,152,,6,1300,13TH DISTRICT REPRESENTATIVE IN CONGRESS 2 YEAR TERM (1) POSITION FILES IN WAYNE COUNTY,WAYNE,DETROIT CITY,1.6322E+12,,,,,,,,,,,
82,57,5,155,,6,1400,14TH DISTRICT REPRESENTATIVE IN CONGRESS 2 YEAR TERM (1) POSITION,WAYNE,DETROIT CITY,1.6322E+12,,,,,,,,,,,
82,57,5,156,,6,1400,14TH DISTRICT REPRESENTATIVE IN CONGRESS 2 YEAR TERM (1) POSITION,WAYNE,DETROIT CITY,1.6322E+12,,,,,,,,,,,
82,57,5,158,,6,1300,13TH DISTRICT REPRESENTATIVE IN CONGRESS 2 YEAR TERM (1) POSITION FILES IN WAYNE COUNTY,WAYNE,DETROIT CITY,1.6322E+12,,,,,,,,,,,
82,57,5,159,,6,1300,13TH DISTRICT REPRESENTATIVE IN CONGRESS 2 YEAR TERM (1) POSITION FILES IN WAYNE COUNTY,WAYNE,DETROIT CITY,1.6322E+12,,,,,,,,,,,
82,57,5,160,,6,1300,13TH DISTRICT REPRESENTATIVE IN CONGRESS 2 YEAR TERM (1) POSITION FILES IN WAYNE COUNTY,WAYNE,DETROIT CITY,1.6322E+12,,,,,,,,,,,
82,57,5,161,,6,1300,13TH DISTRICT REPRESENTATIVE IN CONGRESS 2 YEAR TERM (1) POSITION FILES IN WAYNE COUNTY,WAYNE,DETROIT CITY,1.6322E+12,,,,,,,,,,,
82,57,5,162,,6,1300,13TH DISTRICT REPRESENTATIVE IN CONGRESS 2 YEAR TERM (1) POSITION FILES IN WAYNE COUNTY,WAYNE,DETROIT CITY,1.6322E+12,,,,,,,,,,,
82,57,5,163,,6,1300,13TH DISTRICT REPRESENTATIVE IN CONGRESS 2 YEAR TERM (1) POSITION FILES IN WAYNE COUNTY,WAYNE,DETROIT CITY,1.6322E+12,,,,,,,,,,,
82,57,5,164,,6,1300,13TH DISTRICT REPRESENTATIVE IN CONGRESS 2 YEAR TERM (1) POSITION FILES IN WAYNE COUNTY,WAYNE,DETROIT CITY,1.6322E+12,,,,,,,,,,,
82,57,5,165,,6,1300,13TH DISTRICT REPRESENTATIVE IN CONGRESS 2 YEAR TERM (1) POSITION FILES IN WAYNE COUNTY,WAYNE,DETROIT CITY,1.6322E+12,,,,,,,,,,,
82,57,5,166,,6,1300,13TH DISTRICT REPRESENTATIVE IN CONGRESS 2 YEAR TERM (1) POSITION FILES IN WAYNE COUNTY,WAYNE,DETROIT CITY,1.6322E+12,,,,,,,,,,,
82,57,5,167,,6,1300,13TH DISTRICT REPRESENTATIVE IN CONGRESS 2 YEAR TERM (1) POSITION FILES IN WAYNE COUNTY,WAYNE,DETROIT CITY,1.6322E+12,,,,,,,,,,,
82,57,5,168,,6,1300,13TH DISTRICT REPRESENTATIVE IN CONGRESS 2 YEAR TERM (1) POSITION FILES IN WAYNE COUNTY,WAYNE,DETROIT CITY,1.6322E+12,,,,,,,,,,,
82,57,5,169,,6,1300,13TH DISTRICT REPRESENTATIVE IN CONGRESS 2 YEAR TERM (1) POSITION FILES IN WAYNE COUNTY,WAYNE,DETROIT CITY,1.6322E+12,,,,,,,,,,,
82,57,5,170,,6,1300,13TH DISTRICT REPRESENTATIVE IN CONGRESS 2 YEAR TERM (1) POSITION FILES IN WAYNE COUNTY,WAYNE,DETROIT CITY,1.6322E+12,,,,,,,,,,,
82,57,5,171,,6,1300,13TH DISTRICT REPRESENTATIVE IN CONGRESS 2 YEAR TERM (1) POSITION FILES IN WAYNE COUNTY,WAYNE,DETROIT CITY,1.6322E+12,,,,,,,,,,,
82,57,5,218,,6,1300,13TH DISTRICT REPRESENTATIVE IN CONGRESS 2 YEAR TERM (1) POSITION FILES IN WAYNE COUNTY,WAYNE,DETROIT CITY,1.6322E+12,,,,,,,,,,,
82,57,5,220,,6,1300,13TH DISTRICT REPRESENTATIVE IN CONGRESS 2 YEAR TERM (1) POSITION FILES IN WAYNE COUNTY,WAYNE,DETROIT CITY,1.6322E+12,,,,,,,,,,,
82,57,5,432,,6,1300,13TH DISTRICT REPRESENTATIVE IN CONGRESS 2 YEAR TERM (1) POSITION FILES IN WAYNE COUNTY,WAYNE,DETROIT CITY,1.6322E+12,,,,,,,,,,,
82,57,5,433,,6,1300,13TH DISTRICT REPRESENTATIVE IN CONGRESS 2 YEAR TERM (1) POSITION FILES IN WAYNE COUNTY,WAYNE,DETROIT CITY,1.6322E+12,,,,,,,,,,,
82,57,5,434,,6,1300,13TH DISTRICT REPRESENTATIVE IN CONGRESS 2 YEAR TERM (1) POSITION FILES IN WAYNE COUNTY,WAYNE,DETROIT CITY,1.6322E+12,,,,,,,,,,,
82,57,5,435,,6,1300,13TH DISTRICT REPRESENTATIVE IN CONGRESS 2 YEAR TERM (1) POSITION FILES IN WAYNE COUNTY,WAYNE,DETROIT CITY,1.6322E+12,,,,,,,,,,,
82,57,5,436,,6,1300,13TH DISTRICT REPRESENTATIVE IN CONGRESS 2 YEAR TERM (1) POSITION FILES IN WAYNE COUNTY,WAYNE,DETROIT CITY,1.6322E+12,,,,,,,,,,,
82,57,5,437,,6,1300,13TH DISTRICT REPRESENTATIVE IN CONGRESS 2 YEAR TERM (1) POSITION FILES IN WAYNE COUNTY,WAYNE,DETROIT CITY,1.6322E+12,,,,,,,,,,,
82,57,5,438,,6,1300,13TH DISTRICT REPRESENTATIVE IN CONGRESS 2 YEAR TERM (1) POSITION FILES IN WAYNE COUNTY,WAYNE,DETROIT CITY,1.6322E+12,,,,,,,,,,,
82,57,5,439,,6,1300,13TH DISTRICT REPRESENTATIVE IN CONGRESS 2 YEAR TERM (1) POSITION FILES IN WAYNE COUNTY,WAYNE,DETROIT CITY,1.6322E+12,,,,,,,,,,,
82,57,5,440,,6,1300,13TH DISTRICT REPRESENTATIVE IN CONGRESS 2 YEAR TERM (1) POSITION FILES IN WAYNE COUNTY,WAYNE,DETROIT CITY,1.6322E+12,,,,,,,,,,,
82,57,5,441,,6,1300,13TH DISTRICT REPRESENTATIVE IN CONGRESS 2 YEAR TERM (1) POSITION FILES IN WAYNE COUNTY,WAYNE,DETROIT CITY,1.6322E+12,,,,,,,,,,,
82,57,5,442,,6,1300,13TH DISTRICT REPRESENTATIVE IN CONGRESS 2 YEAR TERM (1) POSITION FILES IN WAYNE COUNTY,WAYNE,DETROIT CITY,1.6322E+12,,,,,,,,,,,
82,57,5,443,,6,1300,13TH DISTRICT REPRESENTATIVE IN CONGRESS 2 YEAR TERM (1) POSITION FILES IN WAYNE COUNTY,WAYNE,DETROIT CITY,1.6322E+12,,,,,,,,,,,
82,57,5,444,,6,1300,13TH DISTRICT REPRESENTATIVE IN CONGRESS 2 YEAR TERM (1) POSITION FILES IN WAYNE COUNTY,WAYNE,DETROIT CITY,1.6322E+12,,,,,,,,,,,
82,57,5,445,,6,1300,13TH DISTRICT REPRESENTATIVE IN CONGRESS 2 YEAR TERM (1) POSITION FILES IN WAYNE COUNTY,WAYNE,DETROIT CITY,1.6322E+12,,,,,,,,,,,
82,57,5,446,,6,1300,13TH DISTRICT REPRESENTATIVE IN CONGRESS 2 YEAR TERM (1) POSITION FILES IN WAYNE COUNTY,WAYNE,DETROIT CITY,1.6322E+12,,,,,,,,,,,
82,57,5,447,,6,1300,13TH DISTRICT REPRESENTATIVE IN CONGRESS 2 YEAR TERM (1) POSITION FILES IN WAYNE COUNTY,WAYNE,DETROIT CITY,1.6322E+12,,,,,,,,,,,
82,57,5,448,,6,1300,13TH DISTRICT REPRESENTATIVE IN CONGRESS 2 YEAR TERM (1) POSITION FILES IN WAYNE COUNTY,WAYNE,DETROIT CITY,1.6322E+12,,,,,,,,,,,
82,57,5,449,,6,1300,13TH DISTRICT REPRESENTATIVE IN CONGRESS 2 YEAR TERM (1) POSITION FILES IN WAYNE COUNTY,WAYNE,DETROIT CITY,1.6322E+12,,,,,,,,,,,
82,57,5,452,,6,1300,13TH DISTRICT REPRESENTATIVE IN CONGRESS 2 YEAR TERM (1) POSITION FILES IN WAYNE COUNTY,WAYNE,DETROIT CITY,1.6322E+12,,,,,,,,,,,
82,57,5,455,,6,1300,13TH DISTRICT REPRESENTATIVE IN CONGRESS 2 YEAR TERM (1) POSITION FILES IN WAYNE COUNTY,WAYNE,DETROIT CITY,1.6322E+12,,,,,,,,,,,
82,57,5,456,,6,1300,13TH DISTRICT REPRESENTATIVE IN CONGRESS 2 YEAR TERM (1) POSITION FILES IN WAYNE COUNTY,WAYNE,DETROIT CITY,1.6322E+12,,,,,,,,,,,
82,57,5,493,,6,1400,14TH DISTRICT REPRESENTATIVE IN CONGRESS 2 YEAR TERM (1) POSITION,WAYNE,DETROIT CITY,1.6322E+12,,,,,,,,,,,
82,57,5,494,,6,1400,14TH DISTRICT REPRESENTATIVE IN CONGRESS 2 YEAR TERM (1) POSITION,WAYNE,DETROIT CITY,1.6322E+12,,,,,,,,,,,
82,57,5,496,,6,1400,14TH DISTRICT REPRESENTATIVE IN CONGRESS 2 YEAR TERM (1) POSITION,WAYNE,DETROIT CITY,1.6322E+12,,,,,,,,,,,
82,57,5,497,,6,1400,14TH DISTRICT REPRESENTATIVE IN CONGRESS 2 YEAR TERM (1) POSITION,WAYNE,DETROIT CITY,1.6322E+12,,,,,,,,,,,
82,57,6,143,,6,1400,14TH DISTRICT REPRESENTATIVE IN CONGRESS 2 YEAR TERM (1) POSITION,WAYNE,DETROIT CITY,1.6322E+12,,,,,,,,,,,
82,57,6,144,,6,1400,14TH DISTRICT REPRESENTATIVE IN CONGRESS 2 YEAR TERM (1) POSITION,WAYNE,DETROIT CITY,1.6322E+12,,,,,,,,,,,
82,57,6,145,,6,1300,13TH DISTRICT REPRESENTATIVE IN CONGRESS 2 YEAR TERM (1) POSITION FILES IN WAYNE COUNTY,WAYNE,DETROIT CITY,1.6322E+12,,,,,,,,,,,
82,57,6,146,,6,1300,13TH DISTRICT REPRESENTATIVE IN CONGRESS 2 YEAR TERM (1) POSITION FILES IN WAYNE COUNTY,WAYNE,DETROIT CITY,1.6322E+12,,,,,,,,,,,
82,57,6,147,,6,1300,13TH DISTRICT REPRESENTATIVE IN CONGRESS 2 YEAR TERM (1) POSITION FILES IN WAYNE COUNTY,WAYNE,DETROIT CITY,1.6322E+12,,,,,,,,,,,
82,57,6,149,,6,1300,13TH DISTRICT REPRESENTATIVE IN CONGRESS 2 YEAR TERM (1) POSITION FILES IN WAYNE COUNTY,WAYNE,DETROIT CITY,1.6322E+12,,,,,,,,,,,
82,57,6,150,,6,1300,13TH DISTRICT REPRESENTATIVE IN CONGRESS 2 YEAR TERM (1) POSITION FILES IN WAYNE COUNTY,WAYNE,DETROIT CITY,1.6322E+12,,,,,,,,,,,
82,57,6,151,,6,1300,13TH DISTRICT REPRESENTATIVE IN CONGRESS 2 YEAR TERM (1) POSITION FILES IN WAYNE COUNTY,WAYNE,DETROIT CITY,1.6322E+12,,,,,,,,,,,
82,57,6,153,,6,1300,13TH DISTRICT REPRESENTATIVE IN CONGRESS 2 YEAR TERM (1) POSITION FILES IN WAYNE COUNTY,WAYNE,DETROIT CITY,1.6322E+12,,,,,,,,,,,
82,57,6,154,,6,1300,13TH DISTRICT REPRESENTATIVE IN CONGRESS 2 YEAR TERM (1) POSITION FILES IN WAYNE COUNTY,WAYNE,DETROIT CITY,1.6322E+12,,,,,,,,,,,
82,57,6,157,,6,1300,13TH DISTRICT REPRESENTATIVE IN CONGRESS 2 YEAR TERM (1) POSITION FILES IN WAYNE COUNTY,WAYNE,DETROIT CITY,1.6322E+12,,,,,,,,,,,
82,57,6,416,,6,1300,13TH DISTRICT REPRESENTATIVE IN CONGRESS 2 YEAR TERM (1) POSITION FILES IN WAYNE COUNTY,WAYNE,DETROIT CITY,1.6322E+12,,,,,,,,,,,
82,57,6,417,,6,1300,13TH DISTRICT REPRESENTATIVE IN CONGRESS 2 YEAR TERM (1) POSITION FILES IN WAYNE COUNTY,WAYNE,DETROIT CITY,1.6322E+12,,,,,,,,,,,
82,57,6,418,,6,1300,13TH DISTRICT REPRESENTATIVE IN CONGRESS 2 YEAR TERM (1) POSITION FILES IN WAYNE COUNTY,WAYNE,DETROIT CITY,1.6322E+12,,,,,,,,,,,
82,57,6,419,,6,1300,13TH DISTRICT REPRESENTATIVE IN CONGRESS 2 YEAR TERM (1) POSITION FILES IN WAYNE COUNTY,WAYNE,DETROIT CITY,1.6322E+12,,,,,,,,,,,
82,57,6,420,,6,1300,13TH DISTRICT REPRESENTATIVE IN CONGRESS 2 YEAR TERM (1) POSITION FILES IN WAYNE COUNTY,WAYNE,DETROIT CITY,1.6322E+12,,,,,,,,,,,
82,57,6,421,,6,1300,13TH DISTRICT REPRESENTATIVE IN CONGRESS 2 YEAR TERM (1) POSITION FILES IN WAYNE COUNTY,WAYNE,DETROIT CITY,1.6322E+12,,,,,,,,,,,
82,57,6,422,,6,1300,13TH DISTRICT REPRESENTATIVE IN CONGRESS 2 YEAR TERM (1) POSITION FILES IN WAYNE COUNTY,WAYNE,DETROIT CITY,1.6322E+12,,,,,,,,,,,
82,57,6,423,,6,1300,13TH DISTRICT REPRESENTATIVE IN CONGRESS 2 YEAR TERM (1) POSITION FILES IN WAYNE COUNTY,WAYNE,DETROIT CITY,1.6322E+12,,,,,,,,,,,
82,57,6,424,,6,1300,13TH DISTRICT REPRESENTATIVE IN CONGRESS 2 YEAR TERM (1) POSITION FILES IN WAYNE COUNTY,WAYNE,DETROIT CITY,1.6322E+12,,,,,,,,,,,
82,57,6,425,,6,1300,13TH DISTRICT REPRESENTATIVE IN CONGRESS 2 YEAR TERM (1) POSITION FILES IN WAYNE COUNTY,WAYNE,DETROIT CITY,1.6322E+12,,,,,,,,,,,
82,57,6,450,,6,1300,13TH DISTRICT REPRESENTATIVE IN CONGRESS 2 YEAR TERM (1) POSITION FILES IN WAYNE COUNTY,WAYNE,DETROIT CITY,1.6322E+12,,,,,,,,,,,
82,57,6,451,,6,1300,13TH DISTRICT REPRESENTATIVE IN CONGRESS 2 YEAR TERM (1) POSITION FILES IN WAYNE COUNTY,WAYNE,DETROIT CITY,1.6322E+12,,,,,,,,,,,
82,57,6,453,,6,1300,13TH DISTRICT REPRESENTATIVE IN CONGRESS 2 YEAR TERM (1) POSITION FILES IN WAYNE COUNTY,WAYNE,DETROIT CITY,1.6322E+12,,,,,,,,,,,
82,57,6,457,,6,1300,13TH DISTRICT REPRESENTATIVE IN CONGRESS 2 YEAR TERM (1) POSITION FILES IN WAYNE COUNTY,WAYNE,DETROIT CITY,1.6322E+12,,,,,,,,,,,
82,57,6,458,,6,1300,13TH DISTRICT REPRESENTATIVE IN CONGRESS 2 YEAR TERM (1) POSITION FILES IN WAYNE COUNTY,WAYNE,DETROIT CITY,1.6322E+12,,,,,,,,,,,
82,57,6,460,,6,1300,13TH DISTRICT REPRESENTATIVE IN CONGRESS 2 YEAR TERM (1) POSITION FILES IN WAYNE COUNTY,WAYNE,DETROIT CITY,1.6322E+12,,,,,,,,,,,
82,57,6,461,,6,1400,14TH DISTRICT REPRESENTATIVE IN CONGRESS 2 YEAR TERM (1) POSITION,WAYNE,DETROIT CITY,1.6322E+12,,,,,,,,,,,
82,57,6,462,,6,1400,14TH DISTRICT REPRESENTATIVE IN CONGRESS 2 YEAR TERM (1) POSITION,WAYNE,DETROIT CITY,1.6322E+12,,,,,,,,,,,
82,57,6,463,,6,1400,14TH DISTRICT REPRESENTATIVE IN CONGRESS 2 YEAR TERM (1) POSITION,WAYNE,DETROIT CITY,1.6322E+12,,,,,,,,,,,
82,57,6,464,,6,1300,13TH DISTRICT REPRESENTATIVE IN CONGRESS 2 YEAR TERM (1) POSITION FILES IN WAYNE COUNTY,WAYNE,DETROIT CITY,1.6322E+12,,,,,,,,,,,
82,57,6,465,,6,1300,13TH DISTRICT REPRESENTATIVE IN CONGRESS 2 YEAR TERM (1) POSITION FILES IN WAYNE COUNTY,WAYNE,DETROIT CITY,1.6322E+12,,,,,,,,,,,
82,57,6,466,,6,1300,13TH DISTRICT REPRESENTATIVE IN CONGRESS 2 YEAR TERM (1) POSITION FILES IN WAYNE COUNTY,WAYNE,DETROIT CITY,1.6322E+12,,,,,,,,,,,
82,57,6,467,,6,1300,13TH DISTRICT REPRESENTATIVE IN CONGRESS 2 YEAR TERM (1) POSITION FILES IN WAYNE COUNTY,WAYNE,DETROIT CITY,1.6322E+12,,,,,,,,,,,
82,57,6,468,,6,1300,13TH DISTRICT REPRESENTATIVE IN CONGRESS 2 YEAR TERM (1) POSITION FILES IN WAYNE COUNTY,WAYNE,DETROIT CITY,1.6322E+12,,,,,,,,,,,
82,57,6,469,,6,1300,13TH DISTRICT REPRESENTATIVE IN CONGRESS 2 YEAR TERM (1) POSITION FILES IN WAYNE COUNTY,WAYNE,DETROIT CITY,1.6322E+12,,,,,,,,,,,
82,57,6,470,,6,1300,13TH DISTRICT REPRESENTATIVE IN CONGRESS 2 YEAR TERM (1) POSITION FILES IN WAYNE COUNTY,WAYNE,DETROIT CITY,1.6322E+12,,,,,,,,,,,
82,57,6,471,,6,1300,13TH DISTRICT REPRESENTATIVE IN CONGRESS 2 YEAR TERM (1) POSITION FILES IN WAYNE COUNTY,WAYNE,DETROIT CITY,1.6322E+12,,,,,,,,,,,
82,57,6,472,,6,1300,13TH DISTRICT REPRESENTATIVE IN CONGRESS 2 YEAR TERM (1) POSITION FILES IN WAYNE COUNTY,WAYNE,DETROIT CITY,1.6322E+12,,,,,,,,,,,
82,57,6,473,,6,1400,14TH DISTRICT REPRESENTATIVE IN CONGRESS 2 YEAR TERM (1) POSITION,WAYNE,DETROIT CITY,1.6322E+12,,,,,,,,,,,
82,57,6,474,,6,1400,14TH DISTRICT REPRESENTATIVE IN CONGRESS 2 YEAR TERM (1) POSITION,WAYNE,DETROIT CITY,1.6322E+12,,,,,,,,,,,
82,57,6,475,,6,1400,14TH DISTRICT REPRESENTATIVE IN CONGRESS 2 YEAR TERM (1) POSITION,WAYNE,DETROIT CITY,1.6322E+12,,,,,,,,,,,
82,57,6,476,,6,1400,14TH DISTRICT REPRESENTATIVE IN CONGRESS 2 YEAR TERM (1) POSITION,WAYNE,DETROIT CITY,1.6322E+12,,,,,,,,,,,
82,57,6,477,,6,1300,13TH DISTRICT REPRESENTATIVE IN CONGRESS 2 YEAR TERM (1) POSITION FILES IN WAYNE COUNTY,WAYNE,DETROIT CITY,1.6322E+12,,,,,,,,,,,
82,57,6,478,,6,1300,13TH DISTRICT REPRESENTATIVE IN CONGRESS 2 YEAR TERM (1) POSITION FILES IN WAYNE COUNTY,WAYNE,DETROIT CITY,1.6322E+12,,,,,,,,,,,
82,57,6,479,,6,1300,13TH DISTRICT REPRESENTATIVE IN CONGRESS 2 YEAR TERM (1) POSITION FILES IN WAYNE COUNTY,WAYNE,DETROIT CITY,1.6322E+12,,,,,,,,,,,
82,57,6,480,,6,1300,13TH DISTRICT REPRESENTATIVE IN CONGRESS 2 YEAR TERM (1) POSITION FILES IN WAYNE COUNTY,WAYNE,DETROIT CITY,1.6322E+12,,,,,,,,,,,
82,57,6,481,,6,1300,13TH DISTRICT REPRESENTATIVE IN CONGRESS 2 YEAR TERM (1) POSITION FILES IN WAYNE COUNTY,WAYNE,DETROIT CITY,1.6322E+12,,,,,,,,,,,
82,57,6,482,,6,1300,13TH DISTRICT REPRESENTATIVE IN CONGRESS 2 YEAR TERM (1) POSITION FILES IN WAYNE COUNTY,WAYNE,DETROIT CITY,1.6322E+12,,,,,,,,,,,
82,57,6,483,,6,1300,13TH DISTRICT REPRESENTATIVE IN CONGRESS 2 YEAR TERM (1) POSITION FILES IN WAYNE COUNTY,WAYNE,DETROIT CITY,1.6322E+12,,,,,,,,,,,
82,57,6,484,,6,1300,13TH DISTRICT REPRESENTATIVE IN CONGRESS 2 YEAR TERM (1) POSITION FILES IN WAYNE COUNTY,WAYNE,DETROIT CITY,1.6322E+12,,,,,,,,,,,
82,57,6,485,,6,1300,13TH DISTRICT REPRESENTATIVE IN CONGRESS 2 YEAR TERM (1) POSITION FILES IN WAYNE COUNTY,WAYNE,DETROIT CITY,1.6322E+12,,,,,,,,,,,
82,57,6,486,,6,1300,13TH DISTRICT REPRESENTATIVE IN CONGRESS 2 YEAR TERM (1) POSITION FILES IN WAYNE COUNTY,WAYNE,DETROIT CITY,1.6322E+12,,,,,,,,,,,
82,57,6,487,,6,1300,13TH DISTRICT REPRESENTATIVE IN CONGRESS 2 YEAR TERM (1) POSITION FILES IN WAYNE COUNTY,WAYNE,DETROIT CITY,1.6322E+12,,,,,,,,,,,
82,57,6,488,,6,1300,13TH DISTRICT REPRESENTATIVE IN CONGRESS 2 YEAR TERM (1) POSITION FILES IN WAYNE COUNTY,WAYNE,DETROIT CITY,1.6322E+12,,,,,,,,,,,
82,57,6,489,,6,1400,14TH DISTRICT REPRESENTATIVE IN CONGRESS 2 YEAR TERM (1) POSITION,WAYNE,DETROIT CITY,1.6322E+12,,,,,,,,,,,
82,57,6,500,,6,1300,13TH DISTRICT REPRESENTATIVE IN CONGRESS 2 YEAR TERM (1) POSITION FILES IN WAYNE COUNTY,WAYNE,DETROIT CITY,1.6322E+12,,,,,,,,,,,
82,57,7,330,,6,1300,13TH DISTRICT REPRESENTATIVE IN CONGRESS 2 YEAR TERM (1) POSITION FILES IN WAYNE COUNTY,WAYNE,DETROIT CITY,1.6322E+12,,,,,,,,,,,
82,57,7,331,,6,1300,13TH DISTRICT REPRESENTATIVE IN CONGRESS 2 YEAR TERM (1) POSITION FILES IN WAYNE COUNTY,WAYNE,DETROIT CITY,1.6322E+12,,,,,,,,,,,
82,57,7,332,,6,1300,13TH DISTRICT REPRESENTATIVE IN CONGRESS 2 YEAR TERM (1) POSITION FILES IN WAYNE COUNTY,WAYNE,DETROIT CITY,1.6322E+12,,,,,,,,,,,
82,57,7,333,,6,1300,13TH DISTRICT REPRESENTATIVE IN CONGRESS 2 YEAR TERM (1) POSITION FILES IN WAYNE COUNTY,WAYNE,DETROIT CITY,1.6322E+12,,,,,,,,,,,
82,57,7,334,,6,1300,13TH DISTRICT REPRESENTATIVE IN CONGRESS 2 YEAR TERM (1) POSITION FILES IN WAYNE COUNTY,WAYNE,DETROIT CITY,1.6322E+12,,,,,,,,,,,
82,57,7,335,,6,1300,13TH DISTRICT REPRESENTATIVE IN CONGRESS 2 YEAR TERM (1) POSITION FILES IN WAYNE COUNTY,WAYNE,DETROIT CITY,1.6322E+12,,,,,,,,,,,
82,57,7,336,,6,1300,13TH DISTRICT REPRESENTATIVE IN CONGRESS 2 YEAR TERM (1) POSITION FILES IN WAYNE COUNTY,WAYNE,DETROIT CITY,1.6322E+12,,,,,,,,,,,
82,57,7,337,,6,1300,13TH DISTRICT REPRESENTATIVE IN CONGRESS 2 YEAR TERM (1) POSITION FILES IN WAYNE COUNTY,WAYNE,DETROIT CITY,1.6322E+12,,,,,,,,,,,
82,57,7,338,,6,1300,13TH DISTRICT REPRESENTATIVE IN CONGRESS 2 YEAR TERM (1) POSITION FILES IN WAYNE COUNTY,WAYNE,DETROIT CITY,1.6322E+12,,,,,,,,,,,
82,57,7,339,,6,1300,13TH DISTRICT REPRESENTATIVE IN CONGRESS 2 YEAR TERM (1) POSITION FILES IN WAYNE COUNTY,WAYNE,DETROIT CITY,1.6322E+12,,,,,,,,,,,
82,57,7,340,,6,1300,13TH DISTRICT REPRESENTATIVE IN CONGRESS 2 YEAR TERM (1) POSITION FILES IN WAYNE COUNTY,WAYNE,DETROIT CITY,1.6322E+12,,,,,,,,,,,
82,57,7,341,,6,1300,13TH DISTRICT REPRESENTATIVE IN CONGRESS 2 YEAR TERM (1) POSITION FILES IN WAYNE COUNTY,WAYNE,DETROIT CITY,1.6322E+12,,,,,,,,,,,
82,57,7,342,,6,1300,13TH DISTRICT REPRESENTATIVE IN CONGRESS 2 YEAR TERM (1) POSITION FILES IN WAYNE COUNTY,WAYNE,DETROIT CITY,1.6322E+12,,,,,,,,,,,
82,57,7,343,,6,1300,13TH DISTRICT REPRESENTATIVE IN CONGRESS 2 YEAR TERM (1) POSITION FILES IN WAYNE COUNTY,WAYNE,DETROIT CITY,1.6322E+12,,,,,,,,,,,
82,57,7,344,,6,1300,13TH DISTRICT REPRESENTATIVE IN CONGRESS 2 YEAR TERM (1) POSITION FILES IN WAYNE COUNTY,WAYNE,DETROIT CITY,1.6322E+12,,,,,,,,,,,
82,57,7,345,,6,1300,13TH DISTRICT REPRESENTATIVE IN CONGRESS 2 YEAR TERM (1) POSITION FILES IN WAYNE COUNTY,WAYNE,DETROIT CITY,1.6322E+12,,,,,,,,,,,
82,57,7,346,,6,1300,13TH DISTRICT REPRESENTATIVE IN CONGRESS 2 YEAR TERM (1) POSITION FILES IN WAYNE COUNTY,WAYNE,DETROIT CITY,1.6322E+12,,,,,,,,,,,
82,57,7,347,,6,1300,13TH DISTRICT REPRESENTATIVE IN CONGRESS 2 YEAR TERM (1) POSITION FILES IN WAYNE COUNTY,WAYNE,DETROIT CITY,1.6322E+12,,,,,,,,,,,
82,57,7,348,,6,1300,13TH DISTRICT REPRESENTATIVE IN CONGRESS 2 YEAR TERM (1) POSITION FILES IN WAYNE COUNTY,WAYNE,DETROIT CITY,1.6322E+12,,,,,,,,,,,
82,57,7,349,,6,1300,13TH DISTRICT REPRESENTATIVE IN CONGRESS 2 YEAR TERM (1) POSITION FILES IN WAYNE COUNTY,WAYNE,DETROIT CITY,1.6322E+12,,,,,,,,,,,
82,57,7,355,,6,1300,13TH DISTRICT REPRESENTATIVE IN CONGRESS 2 YEAR TERM (1) POSITION FILES IN WAYNE COUNTY,WAYNE,DETROIT CITY,1.6322E+12,,,,,,,,,,,
82,57,7,356,,6,1300,13TH DISTRICT REPRESENTATIVE IN CONGRESS 2 YEAR TERM (1) POSITION FILES IN WAYNE COUNTY,WAYNE,DETROIT CITY,1.6322E+12,,,,,,,,,,,
82,57,7,363,,6,1300,13TH DISTRICT REPRESENTATIVE IN CONGRESS 2 YEAR TERM (1) POSITION FILES IN WAYNE COUNTY,WAYNE,DETROIT CITY,1.6322E+12,,,,,,,,,,,
82,57,7,364,,6,1300,13TH DISTRICT REPRESENTATIVE IN CONGRESS 2 YEAR TERM (1) POSITION FILES IN WAYNE COUNTY,WAYNE,DETROIT CITY,1.6322E+12,,,,,,,,,,,
82,57,7,365,,6,1300,13TH DISTRICT REPRESENTATIVE IN CONGRESS 2 YEAR TERM (1) POSITION FILES IN WAYNE COUNTY,WAYNE,DETROIT CITY,1.6322E+12,,,,,,,,,,,
82,57,7,366,,6,1300,13TH DISTRICT REPRESENTATIVE IN CONGRESS 2 YEAR TERM (1) POSITION FILES IN WAYNE COUNTY,WAYNE,DETROIT CITY,1.6322E+12,,,,,,,,,,,
82,57,7,367,,6,1300,13TH DISTRICT REPRESENTATIVE IN CONGRESS 2 YEAR TERM (1) POSITION FILES IN WAYNE COUNTY,WAYNE,DETROIT CITY,1.6322E+12,,,,,,,,,,,
82,57,7,368,,6,1300,13TH DISTRICT REPRESENTATIVE IN CONGRESS 2 YEAR TERM (1) POSITION FILES IN WAYNE COUNTY,WAYNE,DETROIT CITY,1.6322E+12,,,,,,,,,,,
82,57,7,369,,6,1300,13TH DISTRICT REPRESENTATIVE IN CONGRESS 2 YEAR TERM (1) POSITION FILES IN WAYNE COUNTY,WAYNE,DETROIT CITY,1.6322E+12,,,,,,,,,,,
82,57,7,370,,6,1300,13TH DISTRICT REPRESENTATIVE IN CONGRESS 2 YEAR TERM (1) POSITION FILES IN WAYNE COUNTY,WAYNE,DETROIT CITY,1.6322E+12,,,,,,,,,,,
82,57,7,371,,6,1300,13TH DISTRICT REPRESENTATIVE IN CONGRESS 2 YEAR TERM (1) POSITION FILES IN WAYNE COUNTY,WAYNE,DETROIT CITY,1.6322E+12,,,,,,,,,,,
82,57,7,372,,6,1300,13TH DISTRICT REPRESENTATIVE IN CONGRESS 2 YEAR TERM (1) POSITION FILES IN WAYNE COUNTY,WAYNE,DETROIT CITY,1.6322E+12,,,,,,,,,,,
82,57,7,373,,6,1300,13TH DISTRICT REPRESENTATIVE IN CONGRESS 2 YEAR TERM (1) POSITION FILES IN WAYNE COUNTY,WAYNE,DETROIT CITY,1.6322E+12,,,,,,,,,,,
82,57,7,374,,6,1300,13TH DISTRICT REPRESENTATIVE IN CONGRESS 2 YEAR TERM (1) POSITION FILES IN WAYNE COUNTY,WAYNE,DETROIT CITY,1.6322E+12,,,,,,,,,,,
82,57,7,375,,6,1300,13TH DISTRICT REPRESENTATIVE IN CONGRESS 2 YEAR TERM (1) POSITION FILES IN WAYNE COUNTY,WAYNE,DETROIT CITY,1.6322E+12,,,,,,,,,,,
82,57,7,376,,6,1300,13TH DISTRICT REPRESENTATIVE IN CONGRESS 2 YEAR TERM (1) POSITION FILES IN WAYNE COUNTY,WAYNE,DETROIT CITY,1.6322E+12,,,,,,,,,,,
82,57,7,377,,6,1300,13TH DISTRICT REPRESENTATIVE IN CONGRESS 2 YEAR TERM (1) POSITION FILES IN WAYNE COUNTY,WAYNE,DETROIT CITY,1.6322E+12,,,,,,,,,,,
82,57,7,390,,6,1400,14TH DISTRICT REPRESENTATIVE IN CONGRESS 2 YEAR TERM (1) POSITION,WAYNE,DETROIT CITY,1.6322E+12,,,,,,,,,,,
82,57,7,393,,6,1300,13TH DISTRICT REPRESENTATIVE IN CONGRESS 2 YEAR TERM (1) POSITION FILES IN WAYNE COUNTY,WAYNE,DETROIT CITY,1.6322E+12,,,,,,,,,,,
82,57,7,394,,6,1300,13TH DISTRICT REPRESENTATIVE IN CONGRESS 2 YEAR TERM (1) POSITION FILES IN WAYNE COUNTY,WAYNE,DETROIT CITY,1.6322E+12,,,,,,,,,,,
82,57,7,395,,6,1300,13TH DISTRICT REPRESENTATIVE IN CONGRESS 2 YEAR TERM (1) POSITION FILES IN WAYNE COUNTY,WAYNE,DETROIT CITY,1.6322E+12,,,,,,,,,,,
82,57,7,396,,6,1300,13TH DISTRICT REPRESENTATIVE IN CONGRESS 2 YEAR TERM (1) POSITION FILES IN WAYNE COUNTY,WAYNE,DETROIT CITY,1.6322E+12,,,,,,,,,,,
82,57,7,397,,6,1300,13TH DISTRICT REPRESENTATIVE IN CONGRESS 2 YEAR TERM (1) POSITION FILES IN WAYNE COUNTY,WAYNE,DETROIT CITY,1.6322E+12,,,,,,,,,,,
82,57,7,398,,6,1300,13TH DISTRICT REPRESENTATIVE IN CONGRESS 2 YEAR TERM (1) POSITION FILES IN WAYNE COUNTY,WAYNE,DETROIT CITY,1.6322E+12,,,,,,,,,,,
82,57,7,399,,6,1300,13TH DISTRICT REPRESENTATIVE IN CONGRESS 2 YEAR TERM (1) POSITION FILES IN WAYNE COUNTY,WAYNE,DETROIT CITY,1.6322E+12,,,,,,,,,,,
82,57,7,400,,6,1300,13TH DISTRICT REPRESENTATIVE IN CONGRESS 2 YEAR TERM (1) POSITION FILES IN WAYNE COUNTY,WAYNE,DETROIT CITY,1.6322E+12,,,,,,,,,,,
82,57,7,401,,6,1300,13TH DISTRICT REPRESENTATIVE IN CONGRESS 2 YEAR TERM (1) POSITION FILES IN WAYNE COUNTY,WAYNE,DETROIT CITY,1.6322E+12,,,,,,,,,,,
82,57,7,402,,6,1400,14TH DISTRICT REPRESENTATIVE IN CONGRESS 2 YEAR TERM (1) POSITION,WAYNE,DETROIT CITY,1.6322E+12,,,,,,,,,,,
82,57,7,404,,6,1300,13TH DISTRICT REPRESENTATIVE IN CONGRESS 2 YEAR TERM (1) POSITION FILES IN WAYNE COUNTY,WAYNE,DETROIT CITY,1.6322E+12,,,,,,,,,,,
82,57,7,405,,6,1300,13TH DISTRICT REPRESENTATIVE IN CONGRESS 2 YEAR TERM (1) POSITION FILES IN WAYNE COUNTY,WAYNE,DETROIT CITY,1.6322E+12,,,,,,,,,,,
82,57,7,406,,6,1300,13TH DISTRICT REPRESENTATIVE IN CONGRESS 2 YEAR TERM (1) POSITION FILES IN WAYNE COUNTY,WAYNE,DETROIT CITY,1.6322E+12,,,,,,,,,,,
82,57,7,407,,6,1300,13TH DISTRICT REPRESENTATIVE IN CONGRESS 2 YEAR TERM (1) POSITION FILES IN WAYNE COUNTY,WAYNE,DETROIT CITY,1.6322E+12,,,,,,,,,,,
82,57,7,408,,6,1300,13TH DISTRICT REPRESENTATIVE IN CONGRESS 2 YEAR TERM (1) POSITION FILES IN WAYNE COUNTY,WAYNE,DETROIT CITY,1.6322E+12,,,,,,,,,,,
82,57,7,409,,6,1300,13TH DISTRICT REPRESENTATIVE IN CONGRESS 2 YEAR TERM (1) POSITION FILES IN WAYNE COUNTY,WAYNE,DETROIT CITY,1.6322E+12,,,,,,,,,,,
82,57,7,410,,6,1300,13TH DISTRICT REPRESENTATIVE IN CONGRESS 2 YEAR TERM (1) POSITION FILES IN WAYNE COUNTY,WAYNE,DETROIT CITY,1.6322E+12,,,,,,,,,,,
82,57,7,411,,6,1300,13TH DISTRICT REPRESENTATIVE IN CONGRESS 2 YEAR TERM (1) POSITION FILES IN WAYNE COUNTY,WAYNE,DETROIT CITY,1.6322E+12,,,,,,,,,,,
82,57,7,412,,6,1300,13TH DISTRICT REPRESENTATIVE IN CONGRESS 2 YEAR TERM (1) POSITION FILES IN WAYNE COUNTY,WAYNE,DETROIT CITY,1.6322E+12,,,,,,,,,,,
82,57,7,413,,6,1300,13TH DISTRICT REPRESENTATIVE IN CONGRESS 2 YEAR TERM (1) POSITION FILES IN WAYNE COUNTY,WAYNE,DETROIT CITY,1.6322E+12,,,,,,,,,,,
82,57,7,414,,6,1300,13TH DISTRICT REPRESENTATIVE IN CONGRESS 2 YEAR TERM (1) POSITION FILES IN WAYNE COUNTY,WAYNE,DETROIT CITY,1.6322E+12,,,,,,,,,,,
82,57,7,415,,6,1300,13TH DISTRICT REPRESENTATIVE IN CONGRESS 2 YEAR TERM (1) POSITION FILES IN WAYNE COUNTY,WAYNE,DETROIT CITY,1.6322E+12,,,,,,,,,,,
82,57,7,426,,6,1300,13TH DISTRICT REPRESENTATIVE IN CONGRESS 2 YEAR TERM (1) POSITION FILES IN WAYNE COUNTY,WAYNE,DETROIT CITY,1.6322E+12,,,,,,,,,,,
82,57,7,427,,6,1300,13TH DISTRICT REPRESENTATIVE IN CONGRESS 2 YEAR TERM (1) POSITION FILES IN WAYNE COUNTY,WAYNE,DETROIT CITY,1.6322E+12,,,,,,,,,,,
82,57,7,428,,6,1300,13TH DISTRICT REPRESENTATIVE IN CONGRESS 2 YEAR TERM (1) POSITION FILES IN WAYNE COUNTY,WAYNE,DETROIT CITY,1.6322E+12,,,,,,,,,,,
82,57,7,429,,6,1300,13TH DISTRICT REPRESENTATIVE IN CONGRESS 2 YEAR TERM (1) POSITION FILES IN WAYNE COUNTY,WAYNE,DETROIT CITY,1.6322E+12,,,,,,,,,,,
82,57,7,430,,6,1300,13TH DISTRICT REPRESENTATIVE IN CONGRESS 2 YEAR TERM (1) POSITION FILES IN WAYNE COUNTY,WAYNE,DETROIT CITY,1.6322E+12,,,,,,,,,,,
82,57,7,431,,6,1300,13TH DISTRICT REPRESENTATIVE IN CONGRESS 2 YEAR TERM (1) POSITION FILES IN WAYNE COUNTY,WAYNE,DETROIT CITY,1.6322E+12,,,,,,,,,,,
82,57,7,498,,6,1300,13TH DISTRICT REPRESENTATIVE IN CONGRESS 2 YEAR TERM (1) POSITION FILES IN WAYNE COUNTY,WAYNE,DETROIT CITY,1.6322E+12,,,,,,,,,,,
82,74,0,2,,6,1300,13TH DISTRICT REPRESENTATIVE IN CONGRESS 2 YEAR TERM (1) POSITION FILES IN WAYNE COUNTY,WAYNE,HIGHLAND PARK CITY,1.63382E+12,,,,,,,,,,,
82,74,0,3,,6,1300,13TH DISTRICT REPRESENTATIVE IN CONGRESS 2 YEAR TERM (1) POSITION FILES IN WAYNE COUNTY,WAYNE,HIGHLAND PARK CITY,1.63382E+12,,,,,,,,,,,
82,74,0,4,,6,1300,13TH DISTRICT REPRESENTATIVE IN CONGRESS 2 YEAR TERM (1) POSITION FILES IN WAYNE COUNTY,WAYNE,HIGHLAND PARK CITY,1.63382E+12,,,,,,,,,,,
82,74,0,5,,6,1300,13TH DISTRICT REPRESENTATIVE IN CONGRESS 2 YEAR TERM (1) POSITION FILES IN WAYNE COUNTY,WAYNE,HIGHLAND PARK CITY,1.63382E+12,,,,,,,,,,,
82,74,0,6,,6,1300,13TH DISTRICT REPRESENTATIVE IN CONGRESS 2 YEAR TERM (1) POSITION FILES IN WAYNE COUNTY,WAYNE,HIGHLAND PARK CITY,1.63382E+12,,,,,,,,,,,